"fit_id","data_id","scenario_id","seed_index","endpoint_role","structure_exact","structure_class","block_role","ppi_at_20","ppi_at_200","ppi_at_400","first_checkpoint_ppi_below_0_5","first_checkpoint_ppi_below_0_1","first_checkpoint_ppi_below_0_01","loading_norm_ratio_at_0","loading_norm_ratio_at_200","loading_norm_ratio_at_400","max_loading_norm_ratio","first_checkpoint_loading_ratio_above_2","first_checkpoint_loading_ratio_above_5","same_role_loading_abs_cosine_at_400","factor_process_grid_rms_at_400","complete_contribution_grid_rms_proxy_at_400"
"g12ss4c_base_01__G12__01","g12ss4c_base_01","baseline_strong",1,"not_selected",FALSE,"correct_counts_wrong_identity","A",1,1,1,,,,1.57936295958576,1.1518468281337,1.11543095417353,1.7657837349443,,,1.77334547086127e-05,1.4994276651529,0.501752409376709
"g12ss4c_base_01__G12__01","g12ss4c_base_01","baseline_strong",1,"not_selected",FALSE,"correct_counts_wrong_identity","B1",1,1,1,,,,1.63766901179008,1.64498041135514,1.35678857323745,2.33739147931312,20,,0.999729198073432,0.665366486748782,0.270828493870768
"g12ss4c_base_01__G12__01","g12ss4c_base_01","baseline_strong",1,"not_selected",FALSE,"correct_counts_wrong_identity","B2",1,1,1,,,,1.59618241878517,1.44721132651,1.14863624919473,2.22709272089165,20,,0.000152527934125335,0.705602543437087,0.243144197674752
"g12ss4c_base_01__G12__02","g12ss4c_base_01","baseline_strong",2,"not_selected",FALSE,"correct_counts_wrong_identity","A",1,1,1,,,,1.60570027591446,1.20511796689679,0.944669658013567,2.1033035519887,20,,2.16198179199749e-05,0.870604910055721,0.246730212794181
"g12ss4c_base_01__G12__02","g12ss4c_base_01","baseline_strong",2,"not_selected",FALSE,"correct_counts_wrong_identity","B1",1,1,1,,,,1.67841357983034,1.53279087115669,1.24820633316567,2.18299261613846,20,,0.999728648873631,0.722292036691413,0.270470848378006
"g12ss4c_base_01__G12__02","g12ss4c_base_01","baseline_strong",2,"not_selected",FALSE,"correct_counts_wrong_identity","B2",1,1,1,,,,1.65335317506144,1.40603843354146,1.14676424207386,2.04303777655123,20,,5.80638100440729e-05,0.707656786996482,0.243454649696533
"g12ss4c_base_01__G12__03","g12ss4c_base_01","baseline_strong",3,"not_selected",TRUE,"exact_1_1_1_identity","A",1,1,1,,,,1.77979803069122,1.66433210700801,1.28772877049694,2.6267768427935,20,,0.999858546477935,0.742141029695991,0.286702906711725
"g12ss4c_base_01__G12__03","g12ss4c_base_01","baseline_strong",3,"not_selected",TRUE,"exact_1_1_1_identity","B1",1,1,1,,,,1.58496738543518,1.65845726054527,1.36136679661293,2.34003344692914,20,,0.99972763004603,0.662424359754022,0.27054075859101
"g12ss4c_base_01__G12__03","g12ss4c_base_01","baseline_strong",3,"not_selected",TRUE,"exact_1_1_1_identity","B2",1,1,1,,,,1.65657915492894,1.45034057594584,1.16897694832451,2.54207616107225,20,,0.999688547279728,0.979005057195842,0.343330303246516
"g12ss4c_base_01__G12__04","g12ss4c_base_01","baseline_strong",4,"not_selected",TRUE,"exact_1_1_1_identity","A",1,1,1,,,,1.67775766691633,2.05435984788705,1.58355357089326,3.14924635757621,20,,0.999857847173485,0.601708759822674,0.285851416576486
"g12ss4c_base_01__G12__04","g12ss4c_base_01","baseline_strong",4,"not_selected",TRUE,"exact_1_1_1_identity","B1",1,1,1,,,,1.68882132286469,1.46850649519723,1.20241761539205,2.07256671406766,20,,0.999728771624751,0.748296975516784,0.269929639471791
"g12ss4c_base_01__G12__04","g12ss4c_base_01","baseline_strong",4,"not_selected",TRUE,"exact_1_1_1_identity","B2",1,1,1,,,,1.65423031921843,1.29728974881687,1.1017067378134,1.95159932447577,,,0.999688599212706,1.18833213415564,0.392758055687831
"g12ss4c_base_01__G12__05","g12ss4c_base_01","baseline_strong",5,"not_selected",FALSE,"correct_counts_wrong_identity","A",1,1,1,,,,1.65203144685273,1.10620332534025,0.913721609872669,1.75601656138118,,,2.00805791488857e-05,0.9705357782466,0.266039854121552
"g12ss4c_base_01__G12__05","g12ss4c_base_01","baseline_strong",5,"not_selected",FALSE,"correct_counts_wrong_identity","B1",1,1,1,,,,1.78977119945225,1.64070525228005,1.35282086725486,2.36279677804898,20,,0.9997285895344,0.667868678164737,0.271052005322154
"g12ss4c_base_01__G12__05","g12ss4c_base_01","baseline_strong",5,"not_selected",FALSE,"correct_counts_wrong_identity","B2",1,1,1,,,,1.69108094461279,1.4675804266229,1.18091435230219,2.23438411540229,20,,9.6103887102043e-05,0.68660892919757,0.243247901672475
"g12ss4c_base_01__G12__06","g12ss4c_base_01","baseline_strong",6,"winner",TRUE,"exact_1_1_1_identity","A",1,1,1,,,,1.72848963737752,1.87046504408947,1.47471325655197,2.7206885749525,20,,0.999858194632302,0.646742662297331,0.286127993300276
"g12ss4c_base_01__G12__06","g12ss4c_base_01","baseline_strong",6,"winner",TRUE,"exact_1_1_1_identity","B1",1,1,1,,,,1.59767685798782,1.47867568314421,1.22229782993959,2.0427256586604,20,,0.999728344457053,0.736490600046925,0.270063258662478
"g12ss4c_base_01__G12__06","g12ss4c_base_01","baseline_strong",6,"winner",TRUE,"exact_1_1_1_identity","B2",1,1,1,,,,1.72915712968222,1.36343789660725,1.17663306004208,2.00015646481548,20,,0.999689532207834,1.11852287667573,0.394827298533008
"g12ss4c_base_01__G12__07","g12ss4c_base_01","baseline_strong",7,"not_selected",TRUE,"exact_1_1_1_identity","A",1,1,1,,,,1.65867729624545,2.06144842844077,1.53798400808182,3.25389511808079,20,,0.999855837493001,0.618882440994991,0.285549389139882
"g12ss4c_base_01__G12__07","g12ss4c_base_01","baseline_strong",7,"not_selected",TRUE,"exact_1_1_1_identity","B1",1,1,1,,,,1.74163468651294,1.64130189158337,1.3485129301869,2.39863983612966,20,,0.999728110983518,0.669466189287753,0.270835143773246
"g12ss4c_base_01__G12__07","g12ss4c_base_01","baseline_strong",7,"not_selected",TRUE,"exact_1_1_1_identity","B2",1,1,1,,,,1.61192139327589,1.3666197598024,1.18474798824097,2.14553745548169,20,,0.999689443891258,1.08700053762539,0.38634651005056
"g12ss4c_base_01__G12__08","g12ss4c_base_01","baseline_strong",8,"not_selected",FALSE,"underselected_or_missing","A",1,1,1,,,,1.57395320729053,2.01118221506394,1.56415717993685,3.00339018393781,20,,0.999826442791298,0.580587759066398,0.272439153578146
"g12ss4c_base_01__G12__08","g12ss4c_base_01","baseline_strong",8,"not_selected",FALSE,"underselected_or_missing","B1",3.97779551519761e-08,3.95864747648744e-08,3.95797766783446e-08,20,20,20,1.66140221841146,0,0,1.66140221841146,,,0,0,0
"g12ss4c_base_01__G12__08","g12ss4c_base_01","baseline_strong",8,"not_selected",FALSE,"underselected_or_missing","B2",1,1,1,,,,1.65089227324912,0.775828946833017,0.62993617602155,1.65089227324912,,,0.00756214529936124,0.893447654712157,0.16884449972544
"g12ss4c_sparse_01__G12__01","g12ss4c_sparse_01","sparse_observation",1,"not_selected",FALSE,"underselected_or_missing","A",1,1,1,,,,1.64035505892243,1.63374901304306,1.3531472420181,2.12779821362063,20,,0.999733987649919,0.856712141708,0.347777301526681
"g12ss4c_sparse_01__G12__01","g12ss4c_sparse_01","sparse_observation",1,"not_selected",FALSE,"underselected_or_missing","B1",5.89989372912214e-08,5.82072052779381e-08,5.82063138798716e-08,20,20,20,1.64028138446142,0,0,1.64028138446142,,,0,0,0
"g12ss4c_sparse_01__G12__01","g12ss4c_sparse_01","sparse_observation",1,"not_selected",FALSE,"underselected_or_missing","B2",1,1,1,,,,1.71337415235248,1.82242093862799,1.43579620318382,2.57792544691898,20,,0.999464168486568,1.27983158678685,0.551273199906987
"g12ss4c_sparse_01__G12__02","g12ss4c_sparse_01","sparse_observation",2,"not_selected",FALSE,"underselected_or_missing","A",1,1,1,,,,1.63614892005507,1.40766981409721,1.023942899121,2.25443018880149,20,,0.000306559791436319,0.935318740087335,0.287313894698169
"g12ss4c_sparse_01__G12__02","g12ss4c_sparse_01","sparse_observation",2,"not_selected",FALSE,"underselected_or_missing","B1",6.74021369828637e-08,6.73348677926455e-08,6.73342097634588e-08,20,20,20,1.7706815811583,0,0,1.7706815811583,,,0,0,0
"g12ss4c_sparse_01__G12__02","g12ss4c_sparse_01","sparse_observation",2,"not_selected",FALSE,"underselected_or_missing","B2",5.96248972417612e-08,5.9193190793394e-08,5.91683920747599e-08,20,20,20,1.65539041874351,0,0,1.65539041874351,,,0,0,0
"g12ss4c_sparse_01__G12__03","g12ss4c_sparse_01","sparse_observation",3,"not_selected",FALSE,"underselected_or_missing","A",1,1,1,,,,1.72484176022324,1.24744354948881,1.01156849578295,1.72540941526039,,,4.35591643333273e-06,1.20553333760265,0.365843863480472
"g12ss4c_sparse_01__G12__03","g12ss4c_sparse_01","sparse_observation",3,"not_selected",FALSE,"underselected_or_missing","B1",6.74028316494102e-08,6.73352773539193e-08,6.73343092394418e-08,20,20,20,1.71093188181403,0,0,1.71093188181403,,,0,0,0
"g12ss4c_sparse_01__G12__03","g12ss4c_sparse_01","sparse_observation",3,"not_selected",FALSE,"underselected_or_missing","B2",1,1,1,,,,1.60370481789564,1.66181403814293,1.4698536060466,2.13260205722145,20,,0.000183311068519959,0.948696877138583,0.418333657772189
"g12ss4c_sparse_01__G12__04","g12ss4c_sparse_01","sparse_observation",4,"not_selected",FALSE,"underselected_or_missing","A",1,1,1,,,,1.54472001837436,2.16500332584141,1.83153801071889,2.76560919012434,20,,0.999726256252869,0.696444262058889,0.382669241492377
"g12ss4c_sparse_01__G12__04","g12ss4c_sparse_01","sparse_observation",4,"not_selected",FALSE,"underselected_or_missing","B1",5.84626266286747e-08,5.83884074423224e-08,5.8387747303712e-08,20,20,20,1.70060088976491,0,0,1.70060088976491,,,0,0,0
"g12ss4c_sparse_01__G12__04","g12ss4c_sparse_01","sparse_observation",4,"not_selected",FALSE,"underselected_or_missing","B2",5.81771347762938e-08,5.80857325571671e-08,5.80826772234033e-08,20,20,20,1.56404497529584,0,0,1.56404497529584,,,0,0,0
"g12ss4c_sparse_01__G12__05","g12ss4c_sparse_01","sparse_observation",5,"not_selected",FALSE,"underselected_or_missing","A",1,1,1,,,,1.68179030524283,1.26603138905186,1.03350999240919,1.75541598354442,,,1.04271813183983e-05,1.23207850669651,0.382009634431031
"g12ss4c_sparse_01__G12__05","g12ss4c_sparse_01","sparse_observation",5,"not_selected",FALSE,"underselected_or_missing","B1",6.74026452429644e-08,6.73352144042738e-08,6.73346423063492e-08,20,20,20,1.66644897000216,0,0,1.66644897000216,,,0,0,0
"g12ss4c_sparse_01__G12__05","g12ss4c_sparse_01","sparse_observation",5,"not_selected",FALSE,"underselected_or_missing","B2",1,1,1,,,,1.68500055303369,1.35662978941544,1.19484778484481,1.87033712352309,,,0.000208131792171828,1.30660179009932,0.468357076372333
"g12ss4c_sparse_01__G12__06","g12ss4c_sparse_01","sparse_observation",6,"winner",FALSE,"underselected_or_missing","A",1,1,1,,,,1.6522943740778,1.57824220160119,1.31191292517411,2.33328453677439,20,,0.999744278247702,0.8877473797243,0.349394178524927
"g12ss4c_sparse_01__G12__06","g12ss4c_sparse_01","sparse_observation",6,"winner",FALSE,"underselected_or_missing","B1",5.88874232709813e-08,5.82808614701946e-08,5.82497645673641e-08,20,20,20,1.67010634004407,0,0,1.67010634004407,,,0,0,0
"g12ss4c_sparse_01__G12__06","g12ss4c_sparse_01","sparse_observation",6,"winner",FALSE,"underselected_or_missing","B2",1,1,1,,,,1.63832385762222,1.49968849753707,1.30318972849787,1.9990082739859,,,0.999476525139174,1.29516351280184,0.506353135982573
"g12ss4c_sparse_01__G12__07","g12ss4c_sparse_01","sparse_observation",7,"not_selected",FALSE,"underselected_or_missing","A",3.70979093000656e-08,3.68902302039231e-08,3.68208802337122e-08,20,20,20,1.69068038995727,0,0,1.69068038995727,,,0,0,0
"g12ss4c_sparse_01__G12__07","g12ss4c_sparse_01","sparse_observation",7,"not_selected",FALSE,"underselected_or_missing","B1",1,1,1,,,,1.64405040139074,1.59625246710697,1.34734423178318,2.32663502106168,20,,5.42673459797107e-05,1.08242690791067,0.437520495210102
"g12ss4c_sparse_01__G12__07","g12ss4c_sparse_01","sparse_observation",7,"not_selected",FALSE,"underselected_or_missing","B2",1,1,1,,,,1.63504593452299,1.64398415519663,1.37562121496314,2.53218915876823,20,,0.000302532787704067,1.0620062547362,0.438275500331599
"g12ss4c_sparse_01__G12__08","g12ss4c_sparse_01","sparse_observation",8,"not_selected",FALSE,"underselected_or_missing","A",1,1,1,,,,1.54421835187068,1.66217328165242,1.33582454126373,2.36999378102589,20,,0.999734571285191,0.865295955902839,0.346765072005381
"g12ss4c_sparse_01__G12__08","g12ss4c_sparse_01","sparse_observation",8,"not_selected",FALSE,"underselected_or_missing","B1",5.83022747857598e-08,5.82066869148079e-08,5.82061585596705e-08,20,20,20,1.73160366173519,0,0,1.73160366173519,,,0,0,0
"g12ss4c_sparse_01__G12__08","g12ss4c_sparse_01","sparse_observation",8,"not_selected",FALSE,"underselected_or_missing","B2",1,1,1,,,,1.59883431112069,1.4586167338925,1.23923834335922,2.03988251838719,20,,0.999476955283408,3.00368878242226,1.11668589320869
"g12ss4c_sparse_02__G12__01","g12ss4c_sparse_02","sparse_observation",1,"not_selected",FALSE,"underselected_or_missing","A",1,1,1,,,,1.64895798296626,1.76410499897509,1.71298752656123,2.25818802600808,20,,0.999387469626285,2.91006845814327,1.4954732910716
"g12ss4c_sparse_02__G12__01","g12ss4c_sparse_02","sparse_observation",1,"not_selected",FALSE,"underselected_or_missing","B1",1,1,1,,,,1.68345532257366,0.713263120338034,0.65179616810043,1.68345532257366,,,0.00249662833641737,0.597064106169906,0.116749228953556
"g12ss4c_sparse_02__G12__01","g12ss4c_sparse_02","sparse_observation",1,"not_selected",FALSE,"underselected_or_missing","B2",6.23152467404964e-08,6.07398229490741e-08,6.03724797931804e-08,20,20,20,1.62206196985398,0,0,1.62206196985398,,,0,0,0
"g12ss4c_sparse_02__G12__02","g12ss4c_sparse_02","sparse_observation",2,"not_selected",FALSE,"underselected_or_missing","A",1,1,1,,,,1.66545934883219,1.58274453013308,1.33178538954148,2.16865590168944,20,,0.999524661774348,6.786843264731,2.71158561032303
"g12ss4c_sparse_02__G12__02","g12ss4c_sparse_02","sparse_observation",2,"not_selected",FALSE,"underselected_or_missing","B1",5.90328842475785e-08,5.83942535437032e-08,5.83927107777882e-08,20,20,20,1.6524613903165,0,0,1.6524613903165,,,0,0,0
"g12ss4c_sparse_02__G12__02","g12ss4c_sparse_02","sparse_observation",2,"not_selected",FALSE,"underselected_or_missing","B2",1,1,1,,,,1.61965137882618,1.41577168735823,1.21215526503237,1.97987473408197,,,0.999210739844109,1.27252733186874,0.462750211566686
"g12ss4c_sparse_02__G12__03","g12ss4c_sparse_02","sparse_observation",3,"not_selected",FALSE,"underselected_or_missing","A",1,1,1,,,,1.5944717786939,1.4978800403881,1.29703710590266,2.18966831857375,20,,0.999524284389935,6.38988547801684,2.48637557023691
"g12ss4c_sparse_02__G12__03","g12ss4c_sparse_02","sparse_observation",3,"not_selected",FALSE,"underselected_or_missing","B1",5.88623148001233e-08,5.8581455131268e-08,5.83611735605061e-08,20,20,20,1.64727391585801,0,0,1.64727391585801,,,0,0,0
"g12ss4c_sparse_02__G12__03","g12ss4c_sparse_02","sparse_observation",3,"not_selected",FALSE,"underselected_or_missing","B2",1,1,1,,,,1.68020925438988,1.4354728274318,1.1791684699972,2.13623276315916,20,,0.999168251255164,0.797222549470958,0.28201790817208
"g12ss4c_sparse_02__G12__04","g12ss4c_sparse_02","sparse_observation",4,"not_selected",FALSE,"underselected_or_missing","A",1,1,1,,,,1.6464453643817,1.29045785762051,1.06930327164988,1.98674170325179,,,0.000677887480158878,0.617619883620135,0.198126888657309
"g12ss4c_sparse_02__G12__04","g12ss4c_sparse_02","sparse_observation",4,"not_selected",FALSE,"underselected_or_missing","B1",6.4510357611347e-08,6.44463088450564e-08,6.44458233445278e-08,20,20,20,1.66688925923887,0,0,1.66688925923887,,,0,0,0
"g12ss4c_sparse_02__G12__04","g12ss4c_sparse_02","sparse_observation",4,"not_selected",FALSE,"underselected_or_missing","B2",1,1,1,,,,1.70322755457259,1.32503918881446,1.11601288981421,2.15395720515046,20,,1.28306558146402e-06,3.08056382692161,1.03138468162197
"g12ss4c_sparse_02__G12__05","g12ss4c_sparse_02","sparse_observation",5,"not_selected",FALSE,"underselected_or_missing","A",1,1,1,,,,1.56031611995005,1.20450019113995,0.971319322045745,1.66714595554367,,,0.049385526853339,1.13951700367469,0.332050465040671
"g12ss4c_sparse_02__G12__05","g12ss4c_sparse_02","sparse_observation",5,"not_selected",FALSE,"underselected_or_missing","B1",1,1,1,,,,1.67708669073063,1.63256424731698,1.35891172255841,2.34179719940244,20,,0.999500709386624,2.13753707885666,0.87141725815847
"g12ss4c_sparse_02__G12__05","g12ss4c_sparse_02","sparse_observation",5,"not_selected",FALSE,"underselected_or_missing","B2",6.14645592200702e-08,6.09163901543752e-08,6.09200497825313e-08,20,20,20,1.72825274539866,0,0,1.72825274539866,,,0,0,0
"g12ss4c_sparse_02__G12__06","g12ss4c_sparse_02","sparse_observation",6,"not_selected",FALSE,"correct_counts_wrong_identity","A",1,1,1,,,,1.66454215715666,1.77275263588139,1.43686932237033,2.41399726254901,20,,0.999500027298327,1.79888071130466,0.775426952603216
"g12ss4c_sparse_02__G12__06","g12ss4c_sparse_02","sparse_observation",6,"not_selected",FALSE,"correct_counts_wrong_identity","B1",1,1,1,,,,1.67696969276944,0.817256309513272,0.838036416560058,1.67696969276944,,,0.000905253189714374,1.79344461111981,0.450891568560537
"g12ss4c_sparse_02__G12__06","g12ss4c_sparse_02","sparse_observation",6,"not_selected",FALSE,"correct_counts_wrong_identity","B2",1,1,1,,,,1.63429432034005,1.43751717332396,1.17509028142101,2.22622374753076,20,,0.99916788217456,0.800990218300755,0.282370746311554
"g12ss4c_sparse_02__G12__07","g12ss4c_sparse_02","sparse_observation",7,"winner",TRUE,"exact_1_1_1_identity","A",1,1,1,,,,1.65597568029978,1.60617698127382,1.45697251767616,2.46959353286582,20,,0.999537806539628,5.46465917846831,2.38855747244854
"g12ss4c_sparse_02__G12__07","g12ss4c_sparse_02","sparse_observation",7,"winner",TRUE,"exact_1_1_1_identity","B1",1,1,1,,,,1.72277112770572,1.60640620781802,1.10018106049645,2.67150306380242,20,,0.999263114790506,3.64353934279758,1.20256589343588
"g12ss4c_sparse_02__G12__07","g12ss4c_sparse_02","sparse_observation",7,"winner",TRUE,"exact_1_1_1_identity","B2",1,1,1,,,,1.73914955573952,1.49725554954812,1.21682261459194,2.17746108484359,20,,0.999161835616448,0.780200521125308,0.284809691406507
"g12ss4c_sparse_02__G12__08","g12ss4c_sparse_02","sparse_observation",8,"not_selected",FALSE,"correct_counts_wrong_identity","A",1,1,1,,,,1.63667499917838,1.08020529428896,0.912518601342485,1.6786879376507,,,1.17187379662124e-05,0.882404335641963,0.241563111053565
"g12ss4c_sparse_02__G12__08","g12ss4c_sparse_02","sparse_observation",8,"not_selected",FALSE,"correct_counts_wrong_identity","B1",1,1,1,,,,1.57481820853313,1.25576836861195,1.18902778439387,1.57481820853313,,,0.000255201171043572,2.89207277460086,1.03162646504684
"g12ss4c_sparse_02__G12__08","g12ss4c_sparse_02","sparse_observation",8,"not_selected",FALSE,"correct_counts_wrong_identity","B2",1,1,1,,,,1.68108193745884,1.32780674756884,1.11351500570613,1.81008924851948,,,0.998355055242298,1.06199972161223,0.354765787821285
