"seed","seed_namespace","data_id","path_id","use_id","reuse_policy","formal_use_started"
82612001,"formal_data_generation","v0lv_01","generator","v0lv_01","unique_global_data_seed",FALSE
82612002,"formal_data_generation","v0lv_02","generator","v0lv_02","unique_global_data_seed",FALSE
82612003,"formal_data_generation","v0lv_03","generator","v0lv_03","unique_global_data_seed",FALSE
82612004,"formal_data_generation","v0lv_04","generator","v0lv_04","unique_global_data_seed",FALSE
82612005,"formal_data_generation","v0lv_05","generator","v0lv_05","unique_global_data_seed",FALSE
82612006,"formal_data_generation","v0lv_06","generator","v0lv_06","unique_global_data_seed",FALSE
82612007,"formal_data_generation","v0lv_07","generator","v0lv_07","unique_global_data_seed",FALSE
82612008,"formal_data_generation","v0lv_08","generator","v0lv_08","unique_global_data_seed",FALSE
82612009,"formal_data_generation","v0lv_09","generator","v0lv_09","unique_global_data_seed",FALSE
82612010,"formal_data_generation","v0lv_10","generator","v0lv_10","unique_global_data_seed",FALSE
82620101,"formal_fit","v0lv_01","B0","v0lv_01_B0_01","intentional_B0_A_R_core_pair_within_data",FALSE
82620102,"formal_fit","v0lv_01","B0","v0lv_01_B0_02","intentional_B0_A_R_core_pair_within_data",FALSE
82620103,"formal_fit","v0lv_01","B0","v0lv_01_B0_03","intentional_B0_A_R_core_pair_within_data",FALSE
82620104,"formal_fit","v0lv_01","B0","v0lv_01_B0_04","intentional_B0_A_R_core_pair_within_data",FALSE
82620101,"formal_fit","v0lv_01","A","v0lv_01_A_01","intentional_B0_A_R_core_pair_within_data",FALSE
82620102,"formal_fit","v0lv_01","A","v0lv_01_A_02","intentional_B0_A_R_core_pair_within_data",FALSE
82620103,"formal_fit","v0lv_01","A","v0lv_01_A_03","intentional_B0_A_R_core_pair_within_data",FALSE
82620104,"formal_fit","v0lv_01","A","v0lv_01_A_04","intentional_B0_A_R_core_pair_within_data",FALSE
82620101,"formal_fit","v0lv_01","R","v0lv_01_R_01","intentional_B0_A_R_core_pair_within_data",FALSE
82620102,"formal_fit","v0lv_01","R","v0lv_01_R_02","intentional_B0_A_R_core_pair_within_data",FALSE
82620103,"formal_fit","v0lv_01","R","v0lv_01_R_03","intentional_B0_A_R_core_pair_within_data",FALSE
82620104,"formal_fit","v0lv_01","R","v0lv_01_R_04","intentional_B0_A_R_core_pair_within_data",FALSE
82620105,"formal_fit","v0lv_01","R","v0lv_01_R_05","unique_within_path_and_data",FALSE
82620106,"formal_fit","v0lv_01","R","v0lv_01_R_06","unique_within_path_and_data",FALSE
82620107,"formal_fit","v0lv_01","R","v0lv_01_R_07","unique_within_path_and_data",FALSE
82620108,"formal_fit","v0lv_01","R","v0lv_01_R_08","unique_within_path_and_data",FALSE
82620109,"formal_fit","v0lv_01","R","v0lv_01_R_09","unique_within_path_and_data",FALSE
82620110,"formal_fit","v0lv_01","R","v0lv_01_R_10","unique_within_path_and_data",FALSE
82620111,"formal_fit","v0lv_01","R","v0lv_01_R_11","unique_within_path_and_data",FALSE
82620112,"formal_fit","v0lv_01","R","v0lv_01_R_12","unique_within_path_and_data",FALSE
82630001,"formal_fit","v0lv_01","pooled_bayesSYNC","v0lv_01_pooled_bayesSYNC_01","unique_within_path_and_data",FALSE
82620201,"formal_fit","v0lv_02","B0","v0lv_02_B0_01","intentional_B0_A_R_core_pair_within_data",FALSE
82620202,"formal_fit","v0lv_02","B0","v0lv_02_B0_02","intentional_B0_A_R_core_pair_within_data",FALSE
82620203,"formal_fit","v0lv_02","B0","v0lv_02_B0_03","intentional_B0_A_R_core_pair_within_data",FALSE
82620204,"formal_fit","v0lv_02","B0","v0lv_02_B0_04","intentional_B0_A_R_core_pair_within_data",FALSE
82620201,"formal_fit","v0lv_02","A","v0lv_02_A_01","intentional_B0_A_R_core_pair_within_data",FALSE
82620202,"formal_fit","v0lv_02","A","v0lv_02_A_02","intentional_B0_A_R_core_pair_within_data",FALSE
82620203,"formal_fit","v0lv_02","A","v0lv_02_A_03","intentional_B0_A_R_core_pair_within_data",FALSE
82620204,"formal_fit","v0lv_02","A","v0lv_02_A_04","intentional_B0_A_R_core_pair_within_data",FALSE
82620201,"formal_fit","v0lv_02","R","v0lv_02_R_01","intentional_B0_A_R_core_pair_within_data",FALSE
82620202,"formal_fit","v0lv_02","R","v0lv_02_R_02","intentional_B0_A_R_core_pair_within_data",FALSE
82620203,"formal_fit","v0lv_02","R","v0lv_02_R_03","intentional_B0_A_R_core_pair_within_data",FALSE
82620204,"formal_fit","v0lv_02","R","v0lv_02_R_04","intentional_B0_A_R_core_pair_within_data",FALSE
82620205,"formal_fit","v0lv_02","R","v0lv_02_R_05","unique_within_path_and_data",FALSE
82620206,"formal_fit","v0lv_02","R","v0lv_02_R_06","unique_within_path_and_data",FALSE
82620207,"formal_fit","v0lv_02","R","v0lv_02_R_07","unique_within_path_and_data",FALSE
82620208,"formal_fit","v0lv_02","R","v0lv_02_R_08","unique_within_path_and_data",FALSE
82620209,"formal_fit","v0lv_02","R","v0lv_02_R_09","unique_within_path_and_data",FALSE
82620210,"formal_fit","v0lv_02","R","v0lv_02_R_10","unique_within_path_and_data",FALSE
82620211,"formal_fit","v0lv_02","R","v0lv_02_R_11","unique_within_path_and_data",FALSE
82620212,"formal_fit","v0lv_02","R","v0lv_02_R_12","unique_within_path_and_data",FALSE
82630002,"formal_fit","v0lv_02","pooled_bayesSYNC","v0lv_02_pooled_bayesSYNC_01","unique_within_path_and_data",FALSE
82620301,"formal_fit","v0lv_03","B0","v0lv_03_B0_01","intentional_B0_A_R_core_pair_within_data",FALSE
82620302,"formal_fit","v0lv_03","B0","v0lv_03_B0_02","intentional_B0_A_R_core_pair_within_data",FALSE
82620303,"formal_fit","v0lv_03","B0","v0lv_03_B0_03","intentional_B0_A_R_core_pair_within_data",FALSE
82620304,"formal_fit","v0lv_03","B0","v0lv_03_B0_04","intentional_B0_A_R_core_pair_within_data",FALSE
82620301,"formal_fit","v0lv_03","A","v0lv_03_A_01","intentional_B0_A_R_core_pair_within_data",FALSE
82620302,"formal_fit","v0lv_03","A","v0lv_03_A_02","intentional_B0_A_R_core_pair_within_data",FALSE
82620303,"formal_fit","v0lv_03","A","v0lv_03_A_03","intentional_B0_A_R_core_pair_within_data",FALSE
82620304,"formal_fit","v0lv_03","A","v0lv_03_A_04","intentional_B0_A_R_core_pair_within_data",FALSE
82620301,"formal_fit","v0lv_03","R","v0lv_03_R_01","intentional_B0_A_R_core_pair_within_data",FALSE
82620302,"formal_fit","v0lv_03","R","v0lv_03_R_02","intentional_B0_A_R_core_pair_within_data",FALSE
82620303,"formal_fit","v0lv_03","R","v0lv_03_R_03","intentional_B0_A_R_core_pair_within_data",FALSE
82620304,"formal_fit","v0lv_03","R","v0lv_03_R_04","intentional_B0_A_R_core_pair_within_data",FALSE
82620305,"formal_fit","v0lv_03","R","v0lv_03_R_05","unique_within_path_and_data",FALSE
82620306,"formal_fit","v0lv_03","R","v0lv_03_R_06","unique_within_path_and_data",FALSE
82620307,"formal_fit","v0lv_03","R","v0lv_03_R_07","unique_within_path_and_data",FALSE
82620308,"formal_fit","v0lv_03","R","v0lv_03_R_08","unique_within_path_and_data",FALSE
82620309,"formal_fit","v0lv_03","R","v0lv_03_R_09","unique_within_path_and_data",FALSE
82620310,"formal_fit","v0lv_03","R","v0lv_03_R_10","unique_within_path_and_data",FALSE
82620311,"formal_fit","v0lv_03","R","v0lv_03_R_11","unique_within_path_and_data",FALSE
82620312,"formal_fit","v0lv_03","R","v0lv_03_R_12","unique_within_path_and_data",FALSE
82630003,"formal_fit","v0lv_03","pooled_bayesSYNC","v0lv_03_pooled_bayesSYNC_01","unique_within_path_and_data",FALSE
82620401,"formal_fit","v0lv_04","B0","v0lv_04_B0_01","intentional_B0_A_R_core_pair_within_data",FALSE
82620402,"formal_fit","v0lv_04","B0","v0lv_04_B0_02","intentional_B0_A_R_core_pair_within_data",FALSE
82620403,"formal_fit","v0lv_04","B0","v0lv_04_B0_03","intentional_B0_A_R_core_pair_within_data",FALSE
82620404,"formal_fit","v0lv_04","B0","v0lv_04_B0_04","intentional_B0_A_R_core_pair_within_data",FALSE
82620401,"formal_fit","v0lv_04","A","v0lv_04_A_01","intentional_B0_A_R_core_pair_within_data",FALSE
82620402,"formal_fit","v0lv_04","A","v0lv_04_A_02","intentional_B0_A_R_core_pair_within_data",FALSE
82620403,"formal_fit","v0lv_04","A","v0lv_04_A_03","intentional_B0_A_R_core_pair_within_data",FALSE
82620404,"formal_fit","v0lv_04","A","v0lv_04_A_04","intentional_B0_A_R_core_pair_within_data",FALSE
82620401,"formal_fit","v0lv_04","R","v0lv_04_R_01","intentional_B0_A_R_core_pair_within_data",FALSE
82620402,"formal_fit","v0lv_04","R","v0lv_04_R_02","intentional_B0_A_R_core_pair_within_data",FALSE
82620403,"formal_fit","v0lv_04","R","v0lv_04_R_03","intentional_B0_A_R_core_pair_within_data",FALSE
82620404,"formal_fit","v0lv_04","R","v0lv_04_R_04","intentional_B0_A_R_core_pair_within_data",FALSE
82620405,"formal_fit","v0lv_04","R","v0lv_04_R_05","unique_within_path_and_data",FALSE
82620406,"formal_fit","v0lv_04","R","v0lv_04_R_06","unique_within_path_and_data",FALSE
82620407,"formal_fit","v0lv_04","R","v0lv_04_R_07","unique_within_path_and_data",FALSE
82620408,"formal_fit","v0lv_04","R","v0lv_04_R_08","unique_within_path_and_data",FALSE
82620409,"formal_fit","v0lv_04","R","v0lv_04_R_09","unique_within_path_and_data",FALSE
82620410,"formal_fit","v0lv_04","R","v0lv_04_R_10","unique_within_path_and_data",FALSE
82620411,"formal_fit","v0lv_04","R","v0lv_04_R_11","unique_within_path_and_data",FALSE
82620412,"formal_fit","v0lv_04","R","v0lv_04_R_12","unique_within_path_and_data",FALSE
82630004,"formal_fit","v0lv_04","pooled_bayesSYNC","v0lv_04_pooled_bayesSYNC_01","unique_within_path_and_data",FALSE
82620501,"formal_fit","v0lv_05","B0","v0lv_05_B0_01","intentional_B0_A_R_core_pair_within_data",FALSE
82620502,"formal_fit","v0lv_05","B0","v0lv_05_B0_02","intentional_B0_A_R_core_pair_within_data",FALSE
82620503,"formal_fit","v0lv_05","B0","v0lv_05_B0_03","intentional_B0_A_R_core_pair_within_data",FALSE
82620504,"formal_fit","v0lv_05","B0","v0lv_05_B0_04","intentional_B0_A_R_core_pair_within_data",FALSE
82620501,"formal_fit","v0lv_05","A","v0lv_05_A_01","intentional_B0_A_R_core_pair_within_data",FALSE
82620502,"formal_fit","v0lv_05","A","v0lv_05_A_02","intentional_B0_A_R_core_pair_within_data",FALSE
82620503,"formal_fit","v0lv_05","A","v0lv_05_A_03","intentional_B0_A_R_core_pair_within_data",FALSE
82620504,"formal_fit","v0lv_05","A","v0lv_05_A_04","intentional_B0_A_R_core_pair_within_data",FALSE
82620501,"formal_fit","v0lv_05","R","v0lv_05_R_01","intentional_B0_A_R_core_pair_within_data",FALSE
82620502,"formal_fit","v0lv_05","R","v0lv_05_R_02","intentional_B0_A_R_core_pair_within_data",FALSE
82620503,"formal_fit","v0lv_05","R","v0lv_05_R_03","intentional_B0_A_R_core_pair_within_data",FALSE
82620504,"formal_fit","v0lv_05","R","v0lv_05_R_04","intentional_B0_A_R_core_pair_within_data",FALSE
82620505,"formal_fit","v0lv_05","R","v0lv_05_R_05","unique_within_path_and_data",FALSE
82620506,"formal_fit","v0lv_05","R","v0lv_05_R_06","unique_within_path_and_data",FALSE
82620507,"formal_fit","v0lv_05","R","v0lv_05_R_07","unique_within_path_and_data",FALSE
82620508,"formal_fit","v0lv_05","R","v0lv_05_R_08","unique_within_path_and_data",FALSE
82620509,"formal_fit","v0lv_05","R","v0lv_05_R_09","unique_within_path_and_data",FALSE
82620510,"formal_fit","v0lv_05","R","v0lv_05_R_10","unique_within_path_and_data",FALSE
82620511,"formal_fit","v0lv_05","R","v0lv_05_R_11","unique_within_path_and_data",FALSE
82620512,"formal_fit","v0lv_05","R","v0lv_05_R_12","unique_within_path_and_data",FALSE
82630005,"formal_fit","v0lv_05","pooled_bayesSYNC","v0lv_05_pooled_bayesSYNC_01","unique_within_path_and_data",FALSE
82620601,"formal_fit","v0lv_06","B0","v0lv_06_B0_01","intentional_B0_A_R_core_pair_within_data",FALSE
82620602,"formal_fit","v0lv_06","B0","v0lv_06_B0_02","intentional_B0_A_R_core_pair_within_data",FALSE
82620603,"formal_fit","v0lv_06","B0","v0lv_06_B0_03","intentional_B0_A_R_core_pair_within_data",FALSE
82620604,"formal_fit","v0lv_06","B0","v0lv_06_B0_04","intentional_B0_A_R_core_pair_within_data",FALSE
82620601,"formal_fit","v0lv_06","A","v0lv_06_A_01","intentional_B0_A_R_core_pair_within_data",FALSE
82620602,"formal_fit","v0lv_06","A","v0lv_06_A_02","intentional_B0_A_R_core_pair_within_data",FALSE
82620603,"formal_fit","v0lv_06","A","v0lv_06_A_03","intentional_B0_A_R_core_pair_within_data",FALSE
82620604,"formal_fit","v0lv_06","A","v0lv_06_A_04","intentional_B0_A_R_core_pair_within_data",FALSE
82620601,"formal_fit","v0lv_06","R","v0lv_06_R_01","intentional_B0_A_R_core_pair_within_data",FALSE
82620602,"formal_fit","v0lv_06","R","v0lv_06_R_02","intentional_B0_A_R_core_pair_within_data",FALSE
82620603,"formal_fit","v0lv_06","R","v0lv_06_R_03","intentional_B0_A_R_core_pair_within_data",FALSE
82620604,"formal_fit","v0lv_06","R","v0lv_06_R_04","intentional_B0_A_R_core_pair_within_data",FALSE
82620605,"formal_fit","v0lv_06","R","v0lv_06_R_05","unique_within_path_and_data",FALSE
82620606,"formal_fit","v0lv_06","R","v0lv_06_R_06","unique_within_path_and_data",FALSE
82620607,"formal_fit","v0lv_06","R","v0lv_06_R_07","unique_within_path_and_data",FALSE
82620608,"formal_fit","v0lv_06","R","v0lv_06_R_08","unique_within_path_and_data",FALSE
82620609,"formal_fit","v0lv_06","R","v0lv_06_R_09","unique_within_path_and_data",FALSE
82620610,"formal_fit","v0lv_06","R","v0lv_06_R_10","unique_within_path_and_data",FALSE
82620611,"formal_fit","v0lv_06","R","v0lv_06_R_11","unique_within_path_and_data",FALSE
82620612,"formal_fit","v0lv_06","R","v0lv_06_R_12","unique_within_path_and_data",FALSE
82630006,"formal_fit","v0lv_06","pooled_bayesSYNC","v0lv_06_pooled_bayesSYNC_01","unique_within_path_and_data",FALSE
82620701,"formal_fit","v0lv_07","B0","v0lv_07_B0_01","intentional_B0_A_R_core_pair_within_data",FALSE
82620702,"formal_fit","v0lv_07","B0","v0lv_07_B0_02","intentional_B0_A_R_core_pair_within_data",FALSE
82620703,"formal_fit","v0lv_07","B0","v0lv_07_B0_03","intentional_B0_A_R_core_pair_within_data",FALSE
82620704,"formal_fit","v0lv_07","B0","v0lv_07_B0_04","intentional_B0_A_R_core_pair_within_data",FALSE
82620701,"formal_fit","v0lv_07","A","v0lv_07_A_01","intentional_B0_A_R_core_pair_within_data",FALSE
82620702,"formal_fit","v0lv_07","A","v0lv_07_A_02","intentional_B0_A_R_core_pair_within_data",FALSE
82620703,"formal_fit","v0lv_07","A","v0lv_07_A_03","intentional_B0_A_R_core_pair_within_data",FALSE
82620704,"formal_fit","v0lv_07","A","v0lv_07_A_04","intentional_B0_A_R_core_pair_within_data",FALSE
82620701,"formal_fit","v0lv_07","R","v0lv_07_R_01","intentional_B0_A_R_core_pair_within_data",FALSE
82620702,"formal_fit","v0lv_07","R","v0lv_07_R_02","intentional_B0_A_R_core_pair_within_data",FALSE
82620703,"formal_fit","v0lv_07","R","v0lv_07_R_03","intentional_B0_A_R_core_pair_within_data",FALSE
82620704,"formal_fit","v0lv_07","R","v0lv_07_R_04","intentional_B0_A_R_core_pair_within_data",FALSE
82620705,"formal_fit","v0lv_07","R","v0lv_07_R_05","unique_within_path_and_data",FALSE
82620706,"formal_fit","v0lv_07","R","v0lv_07_R_06","unique_within_path_and_data",FALSE
82620707,"formal_fit","v0lv_07","R","v0lv_07_R_07","unique_within_path_and_data",FALSE
82620708,"formal_fit","v0lv_07","R","v0lv_07_R_08","unique_within_path_and_data",FALSE
82620709,"formal_fit","v0lv_07","R","v0lv_07_R_09","unique_within_path_and_data",FALSE
82620710,"formal_fit","v0lv_07","R","v0lv_07_R_10","unique_within_path_and_data",FALSE
82620711,"formal_fit","v0lv_07","R","v0lv_07_R_11","unique_within_path_and_data",FALSE
82620712,"formal_fit","v0lv_07","R","v0lv_07_R_12","unique_within_path_and_data",FALSE
82630007,"formal_fit","v0lv_07","pooled_bayesSYNC","v0lv_07_pooled_bayesSYNC_01","unique_within_path_and_data",FALSE
82620801,"formal_fit","v0lv_08","B0","v0lv_08_B0_01","intentional_B0_A_R_core_pair_within_data",FALSE
82620802,"formal_fit","v0lv_08","B0","v0lv_08_B0_02","intentional_B0_A_R_core_pair_within_data",FALSE
82620803,"formal_fit","v0lv_08","B0","v0lv_08_B0_03","intentional_B0_A_R_core_pair_within_data",FALSE
82620804,"formal_fit","v0lv_08","B0","v0lv_08_B0_04","intentional_B0_A_R_core_pair_within_data",FALSE
82620801,"formal_fit","v0lv_08","A","v0lv_08_A_01","intentional_B0_A_R_core_pair_within_data",FALSE
82620802,"formal_fit","v0lv_08","A","v0lv_08_A_02","intentional_B0_A_R_core_pair_within_data",FALSE
82620803,"formal_fit","v0lv_08","A","v0lv_08_A_03","intentional_B0_A_R_core_pair_within_data",FALSE
82620804,"formal_fit","v0lv_08","A","v0lv_08_A_04","intentional_B0_A_R_core_pair_within_data",FALSE
82620801,"formal_fit","v0lv_08","R","v0lv_08_R_01","intentional_B0_A_R_core_pair_within_data",FALSE
82620802,"formal_fit","v0lv_08","R","v0lv_08_R_02","intentional_B0_A_R_core_pair_within_data",FALSE
82620803,"formal_fit","v0lv_08","R","v0lv_08_R_03","intentional_B0_A_R_core_pair_within_data",FALSE
82620804,"formal_fit","v0lv_08","R","v0lv_08_R_04","intentional_B0_A_R_core_pair_within_data",FALSE
82620805,"formal_fit","v0lv_08","R","v0lv_08_R_05","unique_within_path_and_data",FALSE
82620806,"formal_fit","v0lv_08","R","v0lv_08_R_06","unique_within_path_and_data",FALSE
82620807,"formal_fit","v0lv_08","R","v0lv_08_R_07","unique_within_path_and_data",FALSE
82620808,"formal_fit","v0lv_08","R","v0lv_08_R_08","unique_within_path_and_data",FALSE
82620809,"formal_fit","v0lv_08","R","v0lv_08_R_09","unique_within_path_and_data",FALSE
82620810,"formal_fit","v0lv_08","R","v0lv_08_R_10","unique_within_path_and_data",FALSE
82620811,"formal_fit","v0lv_08","R","v0lv_08_R_11","unique_within_path_and_data",FALSE
82620812,"formal_fit","v0lv_08","R","v0lv_08_R_12","unique_within_path_and_data",FALSE
82630008,"formal_fit","v0lv_08","pooled_bayesSYNC","v0lv_08_pooled_bayesSYNC_01","unique_within_path_and_data",FALSE
82620901,"formal_fit","v0lv_09","B0","v0lv_09_B0_01","intentional_B0_A_R_core_pair_within_data",FALSE
82620902,"formal_fit","v0lv_09","B0","v0lv_09_B0_02","intentional_B0_A_R_core_pair_within_data",FALSE
82620903,"formal_fit","v0lv_09","B0","v0lv_09_B0_03","intentional_B0_A_R_core_pair_within_data",FALSE
82620904,"formal_fit","v0lv_09","B0","v0lv_09_B0_04","intentional_B0_A_R_core_pair_within_data",FALSE
82620901,"formal_fit","v0lv_09","A","v0lv_09_A_01","intentional_B0_A_R_core_pair_within_data",FALSE
82620902,"formal_fit","v0lv_09","A","v0lv_09_A_02","intentional_B0_A_R_core_pair_within_data",FALSE
82620903,"formal_fit","v0lv_09","A","v0lv_09_A_03","intentional_B0_A_R_core_pair_within_data",FALSE
82620904,"formal_fit","v0lv_09","A","v0lv_09_A_04","intentional_B0_A_R_core_pair_within_data",FALSE
82620901,"formal_fit","v0lv_09","R","v0lv_09_R_01","intentional_B0_A_R_core_pair_within_data",FALSE
82620902,"formal_fit","v0lv_09","R","v0lv_09_R_02","intentional_B0_A_R_core_pair_within_data",FALSE
82620903,"formal_fit","v0lv_09","R","v0lv_09_R_03","intentional_B0_A_R_core_pair_within_data",FALSE
82620904,"formal_fit","v0lv_09","R","v0lv_09_R_04","intentional_B0_A_R_core_pair_within_data",FALSE
82620905,"formal_fit","v0lv_09","R","v0lv_09_R_05","unique_within_path_and_data",FALSE
82620906,"formal_fit","v0lv_09","R","v0lv_09_R_06","unique_within_path_and_data",FALSE
82620907,"formal_fit","v0lv_09","R","v0lv_09_R_07","unique_within_path_and_data",FALSE
82620908,"formal_fit","v0lv_09","R","v0lv_09_R_08","unique_within_path_and_data",FALSE
82620909,"formal_fit","v0lv_09","R","v0lv_09_R_09","unique_within_path_and_data",FALSE
82620910,"formal_fit","v0lv_09","R","v0lv_09_R_10","unique_within_path_and_data",FALSE
82620911,"formal_fit","v0lv_09","R","v0lv_09_R_11","unique_within_path_and_data",FALSE
82620912,"formal_fit","v0lv_09","R","v0lv_09_R_12","unique_within_path_and_data",FALSE
82630009,"formal_fit","v0lv_09","pooled_bayesSYNC","v0lv_09_pooled_bayesSYNC_01","unique_within_path_and_data",FALSE
82621001,"formal_fit","v0lv_10","B0","v0lv_10_B0_01","intentional_B0_A_R_core_pair_within_data",FALSE
82621002,"formal_fit","v0lv_10","B0","v0lv_10_B0_02","intentional_B0_A_R_core_pair_within_data",FALSE
82621003,"formal_fit","v0lv_10","B0","v0lv_10_B0_03","intentional_B0_A_R_core_pair_within_data",FALSE
82621004,"formal_fit","v0lv_10","B0","v0lv_10_B0_04","intentional_B0_A_R_core_pair_within_data",FALSE
82621001,"formal_fit","v0lv_10","A","v0lv_10_A_01","intentional_B0_A_R_core_pair_within_data",FALSE
82621002,"formal_fit","v0lv_10","A","v0lv_10_A_02","intentional_B0_A_R_core_pair_within_data",FALSE
82621003,"formal_fit","v0lv_10","A","v0lv_10_A_03","intentional_B0_A_R_core_pair_within_data",FALSE
82621004,"formal_fit","v0lv_10","A","v0lv_10_A_04","intentional_B0_A_R_core_pair_within_data",FALSE
82621001,"formal_fit","v0lv_10","R","v0lv_10_R_01","intentional_B0_A_R_core_pair_within_data",FALSE
82621002,"formal_fit","v0lv_10","R","v0lv_10_R_02","intentional_B0_A_R_core_pair_within_data",FALSE
82621003,"formal_fit","v0lv_10","R","v0lv_10_R_03","intentional_B0_A_R_core_pair_within_data",FALSE
82621004,"formal_fit","v0lv_10","R","v0lv_10_R_04","intentional_B0_A_R_core_pair_within_data",FALSE
82621005,"formal_fit","v0lv_10","R","v0lv_10_R_05","unique_within_path_and_data",FALSE
82621006,"formal_fit","v0lv_10","R","v0lv_10_R_06","unique_within_path_and_data",FALSE
82621007,"formal_fit","v0lv_10","R","v0lv_10_R_07","unique_within_path_and_data",FALSE
82621008,"formal_fit","v0lv_10","R","v0lv_10_R_08","unique_within_path_and_data",FALSE
82621009,"formal_fit","v0lv_10","R","v0lv_10_R_09","unique_within_path_and_data",FALSE
82621010,"formal_fit","v0lv_10","R","v0lv_10_R_10","unique_within_path_and_data",FALSE
82621011,"formal_fit","v0lv_10","R","v0lv_10_R_11","unique_within_path_and_data",FALSE
82621012,"formal_fit","v0lv_10","R","v0lv_10_R_12","unique_within_path_and_data",FALSE
82630010,"formal_fit","v0lv_10","pooled_bayesSYNC","v0lv_10_pooled_bayesSYNC_01","unique_within_path_and_data",FALSE
82620301,"formal_audit_continuation","v0lv_03","R_audit","v0lv_03_R_01_anchor_200","required_reuse_of_original_R_seed_and_complete_state",FALSE
82620301,"formal_audit_continuation","v0lv_03","R_audit","v0lv_03_R_01_to_400","required_reuse_of_original_R_seed_and_complete_state",FALSE
82620301,"formal_audit_continuation","v0lv_03","R_audit","v0lv_03_R_01_to_800","required_reuse_of_original_R_seed_and_complete_state",FALSE
82620302,"formal_audit_continuation","v0lv_03","R_audit","v0lv_03_R_02_anchor_200","required_reuse_of_original_R_seed_and_complete_state",FALSE
82620302,"formal_audit_continuation","v0lv_03","R_audit","v0lv_03_R_02_to_400","required_reuse_of_original_R_seed_and_complete_state",FALSE
82620302,"formal_audit_continuation","v0lv_03","R_audit","v0lv_03_R_02_to_800","required_reuse_of_original_R_seed_and_complete_state",FALSE
82620303,"formal_audit_continuation","v0lv_03","R_audit","v0lv_03_R_03_anchor_200","required_reuse_of_original_R_seed_and_complete_state",FALSE
82620303,"formal_audit_continuation","v0lv_03","R_audit","v0lv_03_R_03_to_400","required_reuse_of_original_R_seed_and_complete_state",FALSE
82620303,"formal_audit_continuation","v0lv_03","R_audit","v0lv_03_R_03_to_800","required_reuse_of_original_R_seed_and_complete_state",FALSE
82620304,"formal_audit_continuation","v0lv_03","R_audit","v0lv_03_R_04_anchor_200","required_reuse_of_original_R_seed_and_complete_state",FALSE
82620304,"formal_audit_continuation","v0lv_03","R_audit","v0lv_03_R_04_to_400","required_reuse_of_original_R_seed_and_complete_state",FALSE
82620304,"formal_audit_continuation","v0lv_03","R_audit","v0lv_03_R_04_to_800","required_reuse_of_original_R_seed_and_complete_state",FALSE
82620305,"formal_audit_continuation","v0lv_03","R_audit","v0lv_03_R_05_anchor_200","required_reuse_of_original_R_seed_and_complete_state",FALSE
82620305,"formal_audit_continuation","v0lv_03","R_audit","v0lv_03_R_05_to_400","required_reuse_of_original_R_seed_and_complete_state",FALSE
82620305,"formal_audit_continuation","v0lv_03","R_audit","v0lv_03_R_05_to_800","required_reuse_of_original_R_seed_and_complete_state",FALSE
82620306,"formal_audit_continuation","v0lv_03","R_audit","v0lv_03_R_06_anchor_200","required_reuse_of_original_R_seed_and_complete_state",FALSE
82620306,"formal_audit_continuation","v0lv_03","R_audit","v0lv_03_R_06_to_400","required_reuse_of_original_R_seed_and_complete_state",FALSE
82620306,"formal_audit_continuation","v0lv_03","R_audit","v0lv_03_R_06_to_800","required_reuse_of_original_R_seed_and_complete_state",FALSE
82620307,"formal_audit_continuation","v0lv_03","R_audit","v0lv_03_R_07_anchor_200","required_reuse_of_original_R_seed_and_complete_state",FALSE
82620307,"formal_audit_continuation","v0lv_03","R_audit","v0lv_03_R_07_to_400","required_reuse_of_original_R_seed_and_complete_state",FALSE
82620307,"formal_audit_continuation","v0lv_03","R_audit","v0lv_03_R_07_to_800","required_reuse_of_original_R_seed_and_complete_state",FALSE
82620308,"formal_audit_continuation","v0lv_03","R_audit","v0lv_03_R_08_anchor_200","required_reuse_of_original_R_seed_and_complete_state",FALSE
82620308,"formal_audit_continuation","v0lv_03","R_audit","v0lv_03_R_08_to_400","required_reuse_of_original_R_seed_and_complete_state",FALSE
82620308,"formal_audit_continuation","v0lv_03","R_audit","v0lv_03_R_08_to_800","required_reuse_of_original_R_seed_and_complete_state",FALSE
82620309,"formal_audit_continuation","v0lv_03","R_audit","v0lv_03_R_09_anchor_200","required_reuse_of_original_R_seed_and_complete_state",FALSE
82620309,"formal_audit_continuation","v0lv_03","R_audit","v0lv_03_R_09_to_400","required_reuse_of_original_R_seed_and_complete_state",FALSE
82620309,"formal_audit_continuation","v0lv_03","R_audit","v0lv_03_R_09_to_800","required_reuse_of_original_R_seed_and_complete_state",FALSE
82620310,"formal_audit_continuation","v0lv_03","R_audit","v0lv_03_R_10_anchor_200","required_reuse_of_original_R_seed_and_complete_state",FALSE
82620310,"formal_audit_continuation","v0lv_03","R_audit","v0lv_03_R_10_to_400","required_reuse_of_original_R_seed_and_complete_state",FALSE
82620310,"formal_audit_continuation","v0lv_03","R_audit","v0lv_03_R_10_to_800","required_reuse_of_original_R_seed_and_complete_state",FALSE
82620311,"formal_audit_continuation","v0lv_03","R_audit","v0lv_03_R_11_anchor_200","required_reuse_of_original_R_seed_and_complete_state",FALSE
82620311,"formal_audit_continuation","v0lv_03","R_audit","v0lv_03_R_11_to_400","required_reuse_of_original_R_seed_and_complete_state",FALSE
82620311,"formal_audit_continuation","v0lv_03","R_audit","v0lv_03_R_11_to_800","required_reuse_of_original_R_seed_and_complete_state",FALSE
82620312,"formal_audit_continuation","v0lv_03","R_audit","v0lv_03_R_12_anchor_200","required_reuse_of_original_R_seed_and_complete_state",FALSE
82620312,"formal_audit_continuation","v0lv_03","R_audit","v0lv_03_R_12_to_400","required_reuse_of_original_R_seed_and_complete_state",FALSE
82620312,"formal_audit_continuation","v0lv_03","R_audit","v0lv_03_R_12_to_800","required_reuse_of_original_R_seed_and_complete_state",FALSE
82620801,"formal_audit_continuation","v0lv_08","R_audit","v0lv_08_R_01_anchor_200","required_reuse_of_original_R_seed_and_complete_state",FALSE
82620801,"formal_audit_continuation","v0lv_08","R_audit","v0lv_08_R_01_to_400","required_reuse_of_original_R_seed_and_complete_state",FALSE
82620801,"formal_audit_continuation","v0lv_08","R_audit","v0lv_08_R_01_to_800","required_reuse_of_original_R_seed_and_complete_state",FALSE
82620802,"formal_audit_continuation","v0lv_08","R_audit","v0lv_08_R_02_anchor_200","required_reuse_of_original_R_seed_and_complete_state",FALSE
82620802,"formal_audit_continuation","v0lv_08","R_audit","v0lv_08_R_02_to_400","required_reuse_of_original_R_seed_and_complete_state",FALSE
82620802,"formal_audit_continuation","v0lv_08","R_audit","v0lv_08_R_02_to_800","required_reuse_of_original_R_seed_and_complete_state",FALSE
82620803,"formal_audit_continuation","v0lv_08","R_audit","v0lv_08_R_03_anchor_200","required_reuse_of_original_R_seed_and_complete_state",FALSE
82620803,"formal_audit_continuation","v0lv_08","R_audit","v0lv_08_R_03_to_400","required_reuse_of_original_R_seed_and_complete_state",FALSE
82620803,"formal_audit_continuation","v0lv_08","R_audit","v0lv_08_R_03_to_800","required_reuse_of_original_R_seed_and_complete_state",FALSE
82620804,"formal_audit_continuation","v0lv_08","R_audit","v0lv_08_R_04_anchor_200","required_reuse_of_original_R_seed_and_complete_state",FALSE
82620804,"formal_audit_continuation","v0lv_08","R_audit","v0lv_08_R_04_to_400","required_reuse_of_original_R_seed_and_complete_state",FALSE
82620804,"formal_audit_continuation","v0lv_08","R_audit","v0lv_08_R_04_to_800","required_reuse_of_original_R_seed_and_complete_state",FALSE
82620805,"formal_audit_continuation","v0lv_08","R_audit","v0lv_08_R_05_anchor_200","required_reuse_of_original_R_seed_and_complete_state",FALSE
82620805,"formal_audit_continuation","v0lv_08","R_audit","v0lv_08_R_05_to_400","required_reuse_of_original_R_seed_and_complete_state",FALSE
82620805,"formal_audit_continuation","v0lv_08","R_audit","v0lv_08_R_05_to_800","required_reuse_of_original_R_seed_and_complete_state",FALSE
82620806,"formal_audit_continuation","v0lv_08","R_audit","v0lv_08_R_06_anchor_200","required_reuse_of_original_R_seed_and_complete_state",FALSE
82620806,"formal_audit_continuation","v0lv_08","R_audit","v0lv_08_R_06_to_400","required_reuse_of_original_R_seed_and_complete_state",FALSE
82620806,"formal_audit_continuation","v0lv_08","R_audit","v0lv_08_R_06_to_800","required_reuse_of_original_R_seed_and_complete_state",FALSE
82620807,"formal_audit_continuation","v0lv_08","R_audit","v0lv_08_R_07_anchor_200","required_reuse_of_original_R_seed_and_complete_state",FALSE
82620807,"formal_audit_continuation","v0lv_08","R_audit","v0lv_08_R_07_to_400","required_reuse_of_original_R_seed_and_complete_state",FALSE
82620807,"formal_audit_continuation","v0lv_08","R_audit","v0lv_08_R_07_to_800","required_reuse_of_original_R_seed_and_complete_state",FALSE
82620808,"formal_audit_continuation","v0lv_08","R_audit","v0lv_08_R_08_anchor_200","required_reuse_of_original_R_seed_and_complete_state",FALSE
82620808,"formal_audit_continuation","v0lv_08","R_audit","v0lv_08_R_08_to_400","required_reuse_of_original_R_seed_and_complete_state",FALSE
82620808,"formal_audit_continuation","v0lv_08","R_audit","v0lv_08_R_08_to_800","required_reuse_of_original_R_seed_and_complete_state",FALSE
82620809,"formal_audit_continuation","v0lv_08","R_audit","v0lv_08_R_09_anchor_200","required_reuse_of_original_R_seed_and_complete_state",FALSE
82620809,"formal_audit_continuation","v0lv_08","R_audit","v0lv_08_R_09_to_400","required_reuse_of_original_R_seed_and_complete_state",FALSE
82620809,"formal_audit_continuation","v0lv_08","R_audit","v0lv_08_R_09_to_800","required_reuse_of_original_R_seed_and_complete_state",FALSE
82620810,"formal_audit_continuation","v0lv_08","R_audit","v0lv_08_R_10_anchor_200","required_reuse_of_original_R_seed_and_complete_state",FALSE
82620810,"formal_audit_continuation","v0lv_08","R_audit","v0lv_08_R_10_to_400","required_reuse_of_original_R_seed_and_complete_state",FALSE
82620810,"formal_audit_continuation","v0lv_08","R_audit","v0lv_08_R_10_to_800","required_reuse_of_original_R_seed_and_complete_state",FALSE
82620811,"formal_audit_continuation","v0lv_08","R_audit","v0lv_08_R_11_anchor_200","required_reuse_of_original_R_seed_and_complete_state",FALSE
82620811,"formal_audit_continuation","v0lv_08","R_audit","v0lv_08_R_11_to_400","required_reuse_of_original_R_seed_and_complete_state",FALSE
82620811,"formal_audit_continuation","v0lv_08","R_audit","v0lv_08_R_11_to_800","required_reuse_of_original_R_seed_and_complete_state",FALSE
82620812,"formal_audit_continuation","v0lv_08","R_audit","v0lv_08_R_12_anchor_200","required_reuse_of_original_R_seed_and_complete_state",FALSE
82620812,"formal_audit_continuation","v0lv_08","R_audit","v0lv_08_R_12_to_400","required_reuse_of_original_R_seed_and_complete_state",FALSE
82620812,"formal_audit_continuation","v0lv_08","R_audit","v0lv_08_R_12_to_800","required_reuse_of_original_R_seed_and_complete_state",FALSE
