"manifest_schema_id","total_protocol_id","r_only_protocol_id","fit_id","data_id","method_family","path_id","route_id","seed_index","fit_seed","seed_pairing_group","paired_core_seed","initialization_independence_id","initialization","pre_score_sweeps","anneal","planned_annealing_sweeps","main_endpoint_policy","maximum_ordinary_T1_sweeps","terminal_record_required","selection_pool_size","selection_rule","actual_racing","offline_racing_replay","input_bundle_class","truth_available_to_fit","truth_available_to_stopping","truth_available_to_selection","formal_fit_started","terminal_record_written"
"V0LV_MANIFEST_SCHEMA_V3_CANDIDATE2_20260812","V0LV_UNSEEN_VALIDATION_V2_CANDIDATE2_20260812","not_applicable","v0lv_01_B0_01","v0lv_01","multiFSYNC","B0","B0",1,82620101,"v0lv_01_core_01",TRUE,"v0lv_01__B0__82620101","random",0,"none",0,"strict_practical_stop_or_maximum_200_T1",200,TRUE,4,"maximum_eligible_ordinary_T1_ELBO",FALSE,FALSE,"observation_only",FALSE,FALSE,FALSE,FALSE,FALSE
"V0LV_MANIFEST_SCHEMA_V3_CANDIDATE2_20260812","V0LV_UNSEEN_VALIDATION_V2_CANDIDATE2_20260812","not_applicable","v0lv_01_B0_02","v0lv_01","multiFSYNC","B0","B0",2,82620102,"v0lv_01_core_02",TRUE,"v0lv_01__B0__82620102","random",0,"none",0,"strict_practical_stop_or_maximum_200_T1",200,TRUE,4,"maximum_eligible_ordinary_T1_ELBO",FALSE,FALSE,"observation_only",FALSE,FALSE,FALSE,FALSE,FALSE
"V0LV_MANIFEST_SCHEMA_V3_CANDIDATE2_20260812","V0LV_UNSEEN_VALIDATION_V2_CANDIDATE2_20260812","not_applicable","v0lv_01_B0_03","v0lv_01","multiFSYNC","B0","B0",3,82620103,"v0lv_01_core_03",TRUE,"v0lv_01__B0__82620103","random",0,"none",0,"strict_practical_stop_or_maximum_200_T1",200,TRUE,4,"maximum_eligible_ordinary_T1_ELBO",FALSE,FALSE,"observation_only",FALSE,FALSE,FALSE,FALSE,FALSE
"V0LV_MANIFEST_SCHEMA_V3_CANDIDATE2_20260812","V0LV_UNSEEN_VALIDATION_V2_CANDIDATE2_20260812","not_applicable","v0lv_01_B0_04","v0lv_01","multiFSYNC","B0","B0",4,82620104,"v0lv_01_core_04",TRUE,"v0lv_01__B0__82620104","random",0,"none",0,"strict_practical_stop_or_maximum_200_T1",200,TRUE,4,"maximum_eligible_ordinary_T1_ELBO",FALSE,FALSE,"observation_only",FALSE,FALSE,FALSE,FALSE,FALSE
"V0LV_MANIFEST_SCHEMA_V3_CANDIDATE2_20260812","V0LV_UNSEEN_VALIDATION_V2_CANDIDATE2_20260812","not_applicable","v0lv_01_A_01","v0lv_01","multiFSYNC","A","A",1,82620101,"v0lv_01_core_01",TRUE,"v0lv_01__A__82620101","random",0,"c(1,1.9,100)",99,"strict_practical_stop_or_maximum_200_T1",200,TRUE,4,"maximum_eligible_ordinary_T1_ELBO",FALSE,FALSE,"observation_only",FALSE,FALSE,FALSE,FALSE,FALSE
"V0LV_MANIFEST_SCHEMA_V3_CANDIDATE2_20260812","V0LV_UNSEEN_VALIDATION_V2_CANDIDATE2_20260812","not_applicable","v0lv_01_A_02","v0lv_01","multiFSYNC","A","A",2,82620102,"v0lv_01_core_02",TRUE,"v0lv_01__A__82620102","random",0,"c(1,1.9,100)",99,"strict_practical_stop_or_maximum_200_T1",200,TRUE,4,"maximum_eligible_ordinary_T1_ELBO",FALSE,FALSE,"observation_only",FALSE,FALSE,FALSE,FALSE,FALSE
"V0LV_MANIFEST_SCHEMA_V3_CANDIDATE2_20260812","V0LV_UNSEEN_VALIDATION_V2_CANDIDATE2_20260812","not_applicable","v0lv_01_A_03","v0lv_01","multiFSYNC","A","A",3,82620103,"v0lv_01_core_03",TRUE,"v0lv_01__A__82620103","random",0,"c(1,1.9,100)",99,"strict_practical_stop_or_maximum_200_T1",200,TRUE,4,"maximum_eligible_ordinary_T1_ELBO",FALSE,FALSE,"observation_only",FALSE,FALSE,FALSE,FALSE,FALSE
"V0LV_MANIFEST_SCHEMA_V3_CANDIDATE2_20260812","V0LV_UNSEEN_VALIDATION_V2_CANDIDATE2_20260812","not_applicable","v0lv_01_A_04","v0lv_01","multiFSYNC","A","A",4,82620104,"v0lv_01_core_04",TRUE,"v0lv_01__A__82620104","random",0,"c(1,1.9,100)",99,"strict_practical_stop_or_maximum_200_T1",200,TRUE,4,"maximum_eligible_ordinary_T1_ELBO",FALSE,FALSE,"observation_only",FALSE,FALSE,FALSE,FALSE,FALSE
"V0LV_MANIFEST_SCHEMA_V3_CANDIDATE2_20260812","V0LV_UNSEEN_VALIDATION_V2_CANDIDATE2_20260812","R_ONLY_MULTISTART_V3_CANDIDATE2_20260812","v0lv_01_R_01","v0lv_01","multiFSYNC","R","random__pre1__anneal_default",1,82620101,"v0lv_01_core_01",TRUE,"v0lv_01__R__82620101","random",1,"c(1,1.9,100)",99,"strict_practical_stop_or_maximum_200_T1",200,TRUE,12,"maximum_eligible_ordinary_T1_ELBO",FALSE,TRUE,"observation_only",FALSE,FALSE,FALSE,FALSE,FALSE
"V0LV_MANIFEST_SCHEMA_V3_CANDIDATE2_20260812","V0LV_UNSEEN_VALIDATION_V2_CANDIDATE2_20260812","R_ONLY_MULTISTART_V3_CANDIDATE2_20260812","v0lv_01_R_02","v0lv_01","multiFSYNC","R","random__pre1__anneal_default",2,82620102,"v0lv_01_core_02",TRUE,"v0lv_01__R__82620102","random",1,"c(1,1.9,100)",99,"strict_practical_stop_or_maximum_200_T1",200,TRUE,12,"maximum_eligible_ordinary_T1_ELBO",FALSE,TRUE,"observation_only",FALSE,FALSE,FALSE,FALSE,FALSE
"V0LV_MANIFEST_SCHEMA_V3_CANDIDATE2_20260812","V0LV_UNSEEN_VALIDATION_V2_CANDIDATE2_20260812","R_ONLY_MULTISTART_V3_CANDIDATE2_20260812","v0lv_01_R_03","v0lv_01","multiFSYNC","R","random__pre1__anneal_default",3,82620103,"v0lv_01_core_03",TRUE,"v0lv_01__R__82620103","random",1,"c(1,1.9,100)",99,"strict_practical_stop_or_maximum_200_T1",200,TRUE,12,"maximum_eligible_ordinary_T1_ELBO",FALSE,TRUE,"observation_only",FALSE,FALSE,FALSE,FALSE,FALSE
"V0LV_MANIFEST_SCHEMA_V3_CANDIDATE2_20260812","V0LV_UNSEEN_VALIDATION_V2_CANDIDATE2_20260812","R_ONLY_MULTISTART_V3_CANDIDATE2_20260812","v0lv_01_R_04","v0lv_01","multiFSYNC","R","random__pre1__anneal_default",4,82620104,"v0lv_01_core_04",TRUE,"v0lv_01__R__82620104","random",1,"c(1,1.9,100)",99,"strict_practical_stop_or_maximum_200_T1",200,TRUE,12,"maximum_eligible_ordinary_T1_ELBO",FALSE,TRUE,"observation_only",FALSE,FALSE,FALSE,FALSE,FALSE
"V0LV_MANIFEST_SCHEMA_V3_CANDIDATE2_20260812","V0LV_UNSEEN_VALIDATION_V2_CANDIDATE2_20260812","R_ONLY_MULTISTART_V3_CANDIDATE2_20260812","v0lv_01_R_05","v0lv_01","multiFSYNC","R","random__pre1__anneal_default",5,82620105,"none",FALSE,"v0lv_01__R__82620105","random",1,"c(1,1.9,100)",99,"strict_practical_stop_or_maximum_200_T1",200,TRUE,12,"maximum_eligible_ordinary_T1_ELBO",FALSE,TRUE,"observation_only",FALSE,FALSE,FALSE,FALSE,FALSE
"V0LV_MANIFEST_SCHEMA_V3_CANDIDATE2_20260812","V0LV_UNSEEN_VALIDATION_V2_CANDIDATE2_20260812","R_ONLY_MULTISTART_V3_CANDIDATE2_20260812","v0lv_01_R_06","v0lv_01","multiFSYNC","R","random__pre1__anneal_default",6,82620106,"none",FALSE,"v0lv_01__R__82620106","random",1,"c(1,1.9,100)",99,"strict_practical_stop_or_maximum_200_T1",200,TRUE,12,"maximum_eligible_ordinary_T1_ELBO",FALSE,TRUE,"observation_only",FALSE,FALSE,FALSE,FALSE,FALSE
"V0LV_MANIFEST_SCHEMA_V3_CANDIDATE2_20260812","V0LV_UNSEEN_VALIDATION_V2_CANDIDATE2_20260812","R_ONLY_MULTISTART_V3_CANDIDATE2_20260812","v0lv_01_R_07","v0lv_01","multiFSYNC","R","random__pre1__anneal_default",7,82620107,"none",FALSE,"v0lv_01__R__82620107","random",1,"c(1,1.9,100)",99,"strict_practical_stop_or_maximum_200_T1",200,TRUE,12,"maximum_eligible_ordinary_T1_ELBO",FALSE,TRUE,"observation_only",FALSE,FALSE,FALSE,FALSE,FALSE
"V0LV_MANIFEST_SCHEMA_V3_CANDIDATE2_20260812","V0LV_UNSEEN_VALIDATION_V2_CANDIDATE2_20260812","R_ONLY_MULTISTART_V3_CANDIDATE2_20260812","v0lv_01_R_08","v0lv_01","multiFSYNC","R","random__pre1__anneal_default",8,82620108,"none",FALSE,"v0lv_01__R__82620108","random",1,"c(1,1.9,100)",99,"strict_practical_stop_or_maximum_200_T1",200,TRUE,12,"maximum_eligible_ordinary_T1_ELBO",FALSE,TRUE,"observation_only",FALSE,FALSE,FALSE,FALSE,FALSE
"V0LV_MANIFEST_SCHEMA_V3_CANDIDATE2_20260812","V0LV_UNSEEN_VALIDATION_V2_CANDIDATE2_20260812","R_ONLY_MULTISTART_V3_CANDIDATE2_20260812","v0lv_01_R_09","v0lv_01","multiFSYNC","R","random__pre1__anneal_default",9,82620109,"none",FALSE,"v0lv_01__R__82620109","random",1,"c(1,1.9,100)",99,"strict_practical_stop_or_maximum_200_T1",200,TRUE,12,"maximum_eligible_ordinary_T1_ELBO",FALSE,TRUE,"observation_only",FALSE,FALSE,FALSE,FALSE,FALSE
"V0LV_MANIFEST_SCHEMA_V3_CANDIDATE2_20260812","V0LV_UNSEEN_VALIDATION_V2_CANDIDATE2_20260812","R_ONLY_MULTISTART_V3_CANDIDATE2_20260812","v0lv_01_R_10","v0lv_01","multiFSYNC","R","random__pre1__anneal_default",10,82620110,"none",FALSE,"v0lv_01__R__82620110","random",1,"c(1,1.9,100)",99,"strict_practical_stop_or_maximum_200_T1",200,TRUE,12,"maximum_eligible_ordinary_T1_ELBO",FALSE,TRUE,"observation_only",FALSE,FALSE,FALSE,FALSE,FALSE
"V0LV_MANIFEST_SCHEMA_V3_CANDIDATE2_20260812","V0LV_UNSEEN_VALIDATION_V2_CANDIDATE2_20260812","R_ONLY_MULTISTART_V3_CANDIDATE2_20260812","v0lv_01_R_11","v0lv_01","multiFSYNC","R","random__pre1__anneal_default",11,82620111,"none",FALSE,"v0lv_01__R__82620111","random",1,"c(1,1.9,100)",99,"strict_practical_stop_or_maximum_200_T1",200,TRUE,12,"maximum_eligible_ordinary_T1_ELBO",FALSE,TRUE,"observation_only",FALSE,FALSE,FALSE,FALSE,FALSE
"V0LV_MANIFEST_SCHEMA_V3_CANDIDATE2_20260812","V0LV_UNSEEN_VALIDATION_V2_CANDIDATE2_20260812","R_ONLY_MULTISTART_V3_CANDIDATE2_20260812","v0lv_01_R_12","v0lv_01","multiFSYNC","R","random__pre1__anneal_default",12,82620112,"none",FALSE,"v0lv_01__R__82620112","random",1,"c(1,1.9,100)",99,"strict_practical_stop_or_maximum_200_T1",200,TRUE,12,"maximum_eligible_ordinary_T1_ELBO",FALSE,TRUE,"observation_only",FALSE,FALSE,FALSE,FALSE,FALSE
"V0LV_MANIFEST_SCHEMA_V3_CANDIDATE2_20260812","V0LV_UNSEEN_VALIDATION_V2_CANDIDATE2_20260812","not_applicable","v0lv_01_pooled_bayesSYNC_01","v0lv_01","bayesSYNC_reference","pooled_bayesSYNC","pooled_bayesSYNC",1,82630001,"none",FALSE,"v0lv_01__pooled_bayesSYNC__82630001","random",0,"c(1,1.9,100)",99,"reference_ELBO_stop_or_maxit299",200,TRUE,1,"single_preregistered_endpoint",FALSE,FALSE,"observation_only",FALSE,FALSE,FALSE,FALSE,FALSE
"V0LV_MANIFEST_SCHEMA_V3_CANDIDATE2_20260812","V0LV_UNSEEN_VALIDATION_V2_CANDIDATE2_20260812","not_applicable","v0lv_02_B0_01","v0lv_02","multiFSYNC","B0","B0",1,82620201,"v0lv_02_core_01",TRUE,"v0lv_02__B0__82620201","random",0,"none",0,"strict_practical_stop_or_maximum_200_T1",200,TRUE,4,"maximum_eligible_ordinary_T1_ELBO",FALSE,FALSE,"observation_only",FALSE,FALSE,FALSE,FALSE,FALSE
"V0LV_MANIFEST_SCHEMA_V3_CANDIDATE2_20260812","V0LV_UNSEEN_VALIDATION_V2_CANDIDATE2_20260812","not_applicable","v0lv_02_B0_02","v0lv_02","multiFSYNC","B0","B0",2,82620202,"v0lv_02_core_02",TRUE,"v0lv_02__B0__82620202","random",0,"none",0,"strict_practical_stop_or_maximum_200_T1",200,TRUE,4,"maximum_eligible_ordinary_T1_ELBO",FALSE,FALSE,"observation_only",FALSE,FALSE,FALSE,FALSE,FALSE
"V0LV_MANIFEST_SCHEMA_V3_CANDIDATE2_20260812","V0LV_UNSEEN_VALIDATION_V2_CANDIDATE2_20260812","not_applicable","v0lv_02_B0_03","v0lv_02","multiFSYNC","B0","B0",3,82620203,"v0lv_02_core_03",TRUE,"v0lv_02__B0__82620203","random",0,"none",0,"strict_practical_stop_or_maximum_200_T1",200,TRUE,4,"maximum_eligible_ordinary_T1_ELBO",FALSE,FALSE,"observation_only",FALSE,FALSE,FALSE,FALSE,FALSE
"V0LV_MANIFEST_SCHEMA_V3_CANDIDATE2_20260812","V0LV_UNSEEN_VALIDATION_V2_CANDIDATE2_20260812","not_applicable","v0lv_02_B0_04","v0lv_02","multiFSYNC","B0","B0",4,82620204,"v0lv_02_core_04",TRUE,"v0lv_02__B0__82620204","random",0,"none",0,"strict_practical_stop_or_maximum_200_T1",200,TRUE,4,"maximum_eligible_ordinary_T1_ELBO",FALSE,FALSE,"observation_only",FALSE,FALSE,FALSE,FALSE,FALSE
"V0LV_MANIFEST_SCHEMA_V3_CANDIDATE2_20260812","V0LV_UNSEEN_VALIDATION_V2_CANDIDATE2_20260812","not_applicable","v0lv_02_A_01","v0lv_02","multiFSYNC","A","A",1,82620201,"v0lv_02_core_01",TRUE,"v0lv_02__A__82620201","random",0,"c(1,1.9,100)",99,"strict_practical_stop_or_maximum_200_T1",200,TRUE,4,"maximum_eligible_ordinary_T1_ELBO",FALSE,FALSE,"observation_only",FALSE,FALSE,FALSE,FALSE,FALSE
"V0LV_MANIFEST_SCHEMA_V3_CANDIDATE2_20260812","V0LV_UNSEEN_VALIDATION_V2_CANDIDATE2_20260812","not_applicable","v0lv_02_A_02","v0lv_02","multiFSYNC","A","A",2,82620202,"v0lv_02_core_02",TRUE,"v0lv_02__A__82620202","random",0,"c(1,1.9,100)",99,"strict_practical_stop_or_maximum_200_T1",200,TRUE,4,"maximum_eligible_ordinary_T1_ELBO",FALSE,FALSE,"observation_only",FALSE,FALSE,FALSE,FALSE,FALSE
"V0LV_MANIFEST_SCHEMA_V3_CANDIDATE2_20260812","V0LV_UNSEEN_VALIDATION_V2_CANDIDATE2_20260812","not_applicable","v0lv_02_A_03","v0lv_02","multiFSYNC","A","A",3,82620203,"v0lv_02_core_03",TRUE,"v0lv_02__A__82620203","random",0,"c(1,1.9,100)",99,"strict_practical_stop_or_maximum_200_T1",200,TRUE,4,"maximum_eligible_ordinary_T1_ELBO",FALSE,FALSE,"observation_only",FALSE,FALSE,FALSE,FALSE,FALSE
"V0LV_MANIFEST_SCHEMA_V3_CANDIDATE2_20260812","V0LV_UNSEEN_VALIDATION_V2_CANDIDATE2_20260812","not_applicable","v0lv_02_A_04","v0lv_02","multiFSYNC","A","A",4,82620204,"v0lv_02_core_04",TRUE,"v0lv_02__A__82620204","random",0,"c(1,1.9,100)",99,"strict_practical_stop_or_maximum_200_T1",200,TRUE,4,"maximum_eligible_ordinary_T1_ELBO",FALSE,FALSE,"observation_only",FALSE,FALSE,FALSE,FALSE,FALSE
"V0LV_MANIFEST_SCHEMA_V3_CANDIDATE2_20260812","V0LV_UNSEEN_VALIDATION_V2_CANDIDATE2_20260812","R_ONLY_MULTISTART_V3_CANDIDATE2_20260812","v0lv_02_R_01","v0lv_02","multiFSYNC","R","random__pre1__anneal_default",1,82620201,"v0lv_02_core_01",TRUE,"v0lv_02__R__82620201","random",1,"c(1,1.9,100)",99,"strict_practical_stop_or_maximum_200_T1",200,TRUE,12,"maximum_eligible_ordinary_T1_ELBO",FALSE,TRUE,"observation_only",FALSE,FALSE,FALSE,FALSE,FALSE
"V0LV_MANIFEST_SCHEMA_V3_CANDIDATE2_20260812","V0LV_UNSEEN_VALIDATION_V2_CANDIDATE2_20260812","R_ONLY_MULTISTART_V3_CANDIDATE2_20260812","v0lv_02_R_02","v0lv_02","multiFSYNC","R","random__pre1__anneal_default",2,82620202,"v0lv_02_core_02",TRUE,"v0lv_02__R__82620202","random",1,"c(1,1.9,100)",99,"strict_practical_stop_or_maximum_200_T1",200,TRUE,12,"maximum_eligible_ordinary_T1_ELBO",FALSE,TRUE,"observation_only",FALSE,FALSE,FALSE,FALSE,FALSE
"V0LV_MANIFEST_SCHEMA_V3_CANDIDATE2_20260812","V0LV_UNSEEN_VALIDATION_V2_CANDIDATE2_20260812","R_ONLY_MULTISTART_V3_CANDIDATE2_20260812","v0lv_02_R_03","v0lv_02","multiFSYNC","R","random__pre1__anneal_default",3,82620203,"v0lv_02_core_03",TRUE,"v0lv_02__R__82620203","random",1,"c(1,1.9,100)",99,"strict_practical_stop_or_maximum_200_T1",200,TRUE,12,"maximum_eligible_ordinary_T1_ELBO",FALSE,TRUE,"observation_only",FALSE,FALSE,FALSE,FALSE,FALSE
"V0LV_MANIFEST_SCHEMA_V3_CANDIDATE2_20260812","V0LV_UNSEEN_VALIDATION_V2_CANDIDATE2_20260812","R_ONLY_MULTISTART_V3_CANDIDATE2_20260812","v0lv_02_R_04","v0lv_02","multiFSYNC","R","random__pre1__anneal_default",4,82620204,"v0lv_02_core_04",TRUE,"v0lv_02__R__82620204","random",1,"c(1,1.9,100)",99,"strict_practical_stop_or_maximum_200_T1",200,TRUE,12,"maximum_eligible_ordinary_T1_ELBO",FALSE,TRUE,"observation_only",FALSE,FALSE,FALSE,FALSE,FALSE
"V0LV_MANIFEST_SCHEMA_V3_CANDIDATE2_20260812","V0LV_UNSEEN_VALIDATION_V2_CANDIDATE2_20260812","R_ONLY_MULTISTART_V3_CANDIDATE2_20260812","v0lv_02_R_05","v0lv_02","multiFSYNC","R","random__pre1__anneal_default",5,82620205,"none",FALSE,"v0lv_02__R__82620205","random",1,"c(1,1.9,100)",99,"strict_practical_stop_or_maximum_200_T1",200,TRUE,12,"maximum_eligible_ordinary_T1_ELBO",FALSE,TRUE,"observation_only",FALSE,FALSE,FALSE,FALSE,FALSE
"V0LV_MANIFEST_SCHEMA_V3_CANDIDATE2_20260812","V0LV_UNSEEN_VALIDATION_V2_CANDIDATE2_20260812","R_ONLY_MULTISTART_V3_CANDIDATE2_20260812","v0lv_02_R_06","v0lv_02","multiFSYNC","R","random__pre1__anneal_default",6,82620206,"none",FALSE,"v0lv_02__R__82620206","random",1,"c(1,1.9,100)",99,"strict_practical_stop_or_maximum_200_T1",200,TRUE,12,"maximum_eligible_ordinary_T1_ELBO",FALSE,TRUE,"observation_only",FALSE,FALSE,FALSE,FALSE,FALSE
"V0LV_MANIFEST_SCHEMA_V3_CANDIDATE2_20260812","V0LV_UNSEEN_VALIDATION_V2_CANDIDATE2_20260812","R_ONLY_MULTISTART_V3_CANDIDATE2_20260812","v0lv_02_R_07","v0lv_02","multiFSYNC","R","random__pre1__anneal_default",7,82620207,"none",FALSE,"v0lv_02__R__82620207","random",1,"c(1,1.9,100)",99,"strict_practical_stop_or_maximum_200_T1",200,TRUE,12,"maximum_eligible_ordinary_T1_ELBO",FALSE,TRUE,"observation_only",FALSE,FALSE,FALSE,FALSE,FALSE
"V0LV_MANIFEST_SCHEMA_V3_CANDIDATE2_20260812","V0LV_UNSEEN_VALIDATION_V2_CANDIDATE2_20260812","R_ONLY_MULTISTART_V3_CANDIDATE2_20260812","v0lv_02_R_08","v0lv_02","multiFSYNC","R","random__pre1__anneal_default",8,82620208,"none",FALSE,"v0lv_02__R__82620208","random",1,"c(1,1.9,100)",99,"strict_practical_stop_or_maximum_200_T1",200,TRUE,12,"maximum_eligible_ordinary_T1_ELBO",FALSE,TRUE,"observation_only",FALSE,FALSE,FALSE,FALSE,FALSE
"V0LV_MANIFEST_SCHEMA_V3_CANDIDATE2_20260812","V0LV_UNSEEN_VALIDATION_V2_CANDIDATE2_20260812","R_ONLY_MULTISTART_V3_CANDIDATE2_20260812","v0lv_02_R_09","v0lv_02","multiFSYNC","R","random__pre1__anneal_default",9,82620209,"none",FALSE,"v0lv_02__R__82620209","random",1,"c(1,1.9,100)",99,"strict_practical_stop_or_maximum_200_T1",200,TRUE,12,"maximum_eligible_ordinary_T1_ELBO",FALSE,TRUE,"observation_only",FALSE,FALSE,FALSE,FALSE,FALSE
"V0LV_MANIFEST_SCHEMA_V3_CANDIDATE2_20260812","V0LV_UNSEEN_VALIDATION_V2_CANDIDATE2_20260812","R_ONLY_MULTISTART_V3_CANDIDATE2_20260812","v0lv_02_R_10","v0lv_02","multiFSYNC","R","random__pre1__anneal_default",10,82620210,"none",FALSE,"v0lv_02__R__82620210","random",1,"c(1,1.9,100)",99,"strict_practical_stop_or_maximum_200_T1",200,TRUE,12,"maximum_eligible_ordinary_T1_ELBO",FALSE,TRUE,"observation_only",FALSE,FALSE,FALSE,FALSE,FALSE
"V0LV_MANIFEST_SCHEMA_V3_CANDIDATE2_20260812","V0LV_UNSEEN_VALIDATION_V2_CANDIDATE2_20260812","R_ONLY_MULTISTART_V3_CANDIDATE2_20260812","v0lv_02_R_11","v0lv_02","multiFSYNC","R","random__pre1__anneal_default",11,82620211,"none",FALSE,"v0lv_02__R__82620211","random",1,"c(1,1.9,100)",99,"strict_practical_stop_or_maximum_200_T1",200,TRUE,12,"maximum_eligible_ordinary_T1_ELBO",FALSE,TRUE,"observation_only",FALSE,FALSE,FALSE,FALSE,FALSE
"V0LV_MANIFEST_SCHEMA_V3_CANDIDATE2_20260812","V0LV_UNSEEN_VALIDATION_V2_CANDIDATE2_20260812","R_ONLY_MULTISTART_V3_CANDIDATE2_20260812","v0lv_02_R_12","v0lv_02","multiFSYNC","R","random__pre1__anneal_default",12,82620212,"none",FALSE,"v0lv_02__R__82620212","random",1,"c(1,1.9,100)",99,"strict_practical_stop_or_maximum_200_T1",200,TRUE,12,"maximum_eligible_ordinary_T1_ELBO",FALSE,TRUE,"observation_only",FALSE,FALSE,FALSE,FALSE,FALSE
"V0LV_MANIFEST_SCHEMA_V3_CANDIDATE2_20260812","V0LV_UNSEEN_VALIDATION_V2_CANDIDATE2_20260812","not_applicable","v0lv_02_pooled_bayesSYNC_01","v0lv_02","bayesSYNC_reference","pooled_bayesSYNC","pooled_bayesSYNC",1,82630002,"none",FALSE,"v0lv_02__pooled_bayesSYNC__82630002","random",0,"c(1,1.9,100)",99,"reference_ELBO_stop_or_maxit299",200,TRUE,1,"single_preregistered_endpoint",FALSE,FALSE,"observation_only",FALSE,FALSE,FALSE,FALSE,FALSE
"V0LV_MANIFEST_SCHEMA_V3_CANDIDATE2_20260812","V0LV_UNSEEN_VALIDATION_V2_CANDIDATE2_20260812","not_applicable","v0lv_03_B0_01","v0lv_03","multiFSYNC","B0","B0",1,82620301,"v0lv_03_core_01",TRUE,"v0lv_03__B0__82620301","random",0,"none",0,"strict_practical_stop_or_maximum_200_T1",200,TRUE,4,"maximum_eligible_ordinary_T1_ELBO",FALSE,FALSE,"observation_only",FALSE,FALSE,FALSE,FALSE,FALSE
"V0LV_MANIFEST_SCHEMA_V3_CANDIDATE2_20260812","V0LV_UNSEEN_VALIDATION_V2_CANDIDATE2_20260812","not_applicable","v0lv_03_B0_02","v0lv_03","multiFSYNC","B0","B0",2,82620302,"v0lv_03_core_02",TRUE,"v0lv_03__B0__82620302","random",0,"none",0,"strict_practical_stop_or_maximum_200_T1",200,TRUE,4,"maximum_eligible_ordinary_T1_ELBO",FALSE,FALSE,"observation_only",FALSE,FALSE,FALSE,FALSE,FALSE
"V0LV_MANIFEST_SCHEMA_V3_CANDIDATE2_20260812","V0LV_UNSEEN_VALIDATION_V2_CANDIDATE2_20260812","not_applicable","v0lv_03_B0_03","v0lv_03","multiFSYNC","B0","B0",3,82620303,"v0lv_03_core_03",TRUE,"v0lv_03__B0__82620303","random",0,"none",0,"strict_practical_stop_or_maximum_200_T1",200,TRUE,4,"maximum_eligible_ordinary_T1_ELBO",FALSE,FALSE,"observation_only",FALSE,FALSE,FALSE,FALSE,FALSE
"V0LV_MANIFEST_SCHEMA_V3_CANDIDATE2_20260812","V0LV_UNSEEN_VALIDATION_V2_CANDIDATE2_20260812","not_applicable","v0lv_03_B0_04","v0lv_03","multiFSYNC","B0","B0",4,82620304,"v0lv_03_core_04",TRUE,"v0lv_03__B0__82620304","random",0,"none",0,"strict_practical_stop_or_maximum_200_T1",200,TRUE,4,"maximum_eligible_ordinary_T1_ELBO",FALSE,FALSE,"observation_only",FALSE,FALSE,FALSE,FALSE,FALSE
"V0LV_MANIFEST_SCHEMA_V3_CANDIDATE2_20260812","V0LV_UNSEEN_VALIDATION_V2_CANDIDATE2_20260812","not_applicable","v0lv_03_A_01","v0lv_03","multiFSYNC","A","A",1,82620301,"v0lv_03_core_01",TRUE,"v0lv_03__A__82620301","random",0,"c(1,1.9,100)",99,"strict_practical_stop_or_maximum_200_T1",200,TRUE,4,"maximum_eligible_ordinary_T1_ELBO",FALSE,FALSE,"observation_only",FALSE,FALSE,FALSE,FALSE,FALSE
"V0LV_MANIFEST_SCHEMA_V3_CANDIDATE2_20260812","V0LV_UNSEEN_VALIDATION_V2_CANDIDATE2_20260812","not_applicable","v0lv_03_A_02","v0lv_03","multiFSYNC","A","A",2,82620302,"v0lv_03_core_02",TRUE,"v0lv_03__A__82620302","random",0,"c(1,1.9,100)",99,"strict_practical_stop_or_maximum_200_T1",200,TRUE,4,"maximum_eligible_ordinary_T1_ELBO",FALSE,FALSE,"observation_only",FALSE,FALSE,FALSE,FALSE,FALSE
"V0LV_MANIFEST_SCHEMA_V3_CANDIDATE2_20260812","V0LV_UNSEEN_VALIDATION_V2_CANDIDATE2_20260812","not_applicable","v0lv_03_A_03","v0lv_03","multiFSYNC","A","A",3,82620303,"v0lv_03_core_03",TRUE,"v0lv_03__A__82620303","random",0,"c(1,1.9,100)",99,"strict_practical_stop_or_maximum_200_T1",200,TRUE,4,"maximum_eligible_ordinary_T1_ELBO",FALSE,FALSE,"observation_only",FALSE,FALSE,FALSE,FALSE,FALSE
"V0LV_MANIFEST_SCHEMA_V3_CANDIDATE2_20260812","V0LV_UNSEEN_VALIDATION_V2_CANDIDATE2_20260812","not_applicable","v0lv_03_A_04","v0lv_03","multiFSYNC","A","A",4,82620304,"v0lv_03_core_04",TRUE,"v0lv_03__A__82620304","random",0,"c(1,1.9,100)",99,"strict_practical_stop_or_maximum_200_T1",200,TRUE,4,"maximum_eligible_ordinary_T1_ELBO",FALSE,FALSE,"observation_only",FALSE,FALSE,FALSE,FALSE,FALSE
"V0LV_MANIFEST_SCHEMA_V3_CANDIDATE2_20260812","V0LV_UNSEEN_VALIDATION_V2_CANDIDATE2_20260812","R_ONLY_MULTISTART_V3_CANDIDATE2_20260812","v0lv_03_R_01","v0lv_03","multiFSYNC","R","random__pre1__anneal_default",1,82620301,"v0lv_03_core_01",TRUE,"v0lv_03__R__82620301","random",1,"c(1,1.9,100)",99,"strict_practical_stop_or_maximum_200_T1",200,TRUE,12,"maximum_eligible_ordinary_T1_ELBO",FALSE,TRUE,"observation_only",FALSE,FALSE,FALSE,FALSE,FALSE
"V0LV_MANIFEST_SCHEMA_V3_CANDIDATE2_20260812","V0LV_UNSEEN_VALIDATION_V2_CANDIDATE2_20260812","R_ONLY_MULTISTART_V3_CANDIDATE2_20260812","v0lv_03_R_02","v0lv_03","multiFSYNC","R","random__pre1__anneal_default",2,82620302,"v0lv_03_core_02",TRUE,"v0lv_03__R__82620302","random",1,"c(1,1.9,100)",99,"strict_practical_stop_or_maximum_200_T1",200,TRUE,12,"maximum_eligible_ordinary_T1_ELBO",FALSE,TRUE,"observation_only",FALSE,FALSE,FALSE,FALSE,FALSE
"V0LV_MANIFEST_SCHEMA_V3_CANDIDATE2_20260812","V0LV_UNSEEN_VALIDATION_V2_CANDIDATE2_20260812","R_ONLY_MULTISTART_V3_CANDIDATE2_20260812","v0lv_03_R_03","v0lv_03","multiFSYNC","R","random__pre1__anneal_default",3,82620303,"v0lv_03_core_03",TRUE,"v0lv_03__R__82620303","random",1,"c(1,1.9,100)",99,"strict_practical_stop_or_maximum_200_T1",200,TRUE,12,"maximum_eligible_ordinary_T1_ELBO",FALSE,TRUE,"observation_only",FALSE,FALSE,FALSE,FALSE,FALSE
"V0LV_MANIFEST_SCHEMA_V3_CANDIDATE2_20260812","V0LV_UNSEEN_VALIDATION_V2_CANDIDATE2_20260812","R_ONLY_MULTISTART_V3_CANDIDATE2_20260812","v0lv_03_R_04","v0lv_03","multiFSYNC","R","random__pre1__anneal_default",4,82620304,"v0lv_03_core_04",TRUE,"v0lv_03__R__82620304","random",1,"c(1,1.9,100)",99,"strict_practical_stop_or_maximum_200_T1",200,TRUE,12,"maximum_eligible_ordinary_T1_ELBO",FALSE,TRUE,"observation_only",FALSE,FALSE,FALSE,FALSE,FALSE
"V0LV_MANIFEST_SCHEMA_V3_CANDIDATE2_20260812","V0LV_UNSEEN_VALIDATION_V2_CANDIDATE2_20260812","R_ONLY_MULTISTART_V3_CANDIDATE2_20260812","v0lv_03_R_05","v0lv_03","multiFSYNC","R","random__pre1__anneal_default",5,82620305,"none",FALSE,"v0lv_03__R__82620305","random",1,"c(1,1.9,100)",99,"strict_practical_stop_or_maximum_200_T1",200,TRUE,12,"maximum_eligible_ordinary_T1_ELBO",FALSE,TRUE,"observation_only",FALSE,FALSE,FALSE,FALSE,FALSE
"V0LV_MANIFEST_SCHEMA_V3_CANDIDATE2_20260812","V0LV_UNSEEN_VALIDATION_V2_CANDIDATE2_20260812","R_ONLY_MULTISTART_V3_CANDIDATE2_20260812","v0lv_03_R_06","v0lv_03","multiFSYNC","R","random__pre1__anneal_default",6,82620306,"none",FALSE,"v0lv_03__R__82620306","random",1,"c(1,1.9,100)",99,"strict_practical_stop_or_maximum_200_T1",200,TRUE,12,"maximum_eligible_ordinary_T1_ELBO",FALSE,TRUE,"observation_only",FALSE,FALSE,FALSE,FALSE,FALSE
"V0LV_MANIFEST_SCHEMA_V3_CANDIDATE2_20260812","V0LV_UNSEEN_VALIDATION_V2_CANDIDATE2_20260812","R_ONLY_MULTISTART_V3_CANDIDATE2_20260812","v0lv_03_R_07","v0lv_03","multiFSYNC","R","random__pre1__anneal_default",7,82620307,"none",FALSE,"v0lv_03__R__82620307","random",1,"c(1,1.9,100)",99,"strict_practical_stop_or_maximum_200_T1",200,TRUE,12,"maximum_eligible_ordinary_T1_ELBO",FALSE,TRUE,"observation_only",FALSE,FALSE,FALSE,FALSE,FALSE
"V0LV_MANIFEST_SCHEMA_V3_CANDIDATE2_20260812","V0LV_UNSEEN_VALIDATION_V2_CANDIDATE2_20260812","R_ONLY_MULTISTART_V3_CANDIDATE2_20260812","v0lv_03_R_08","v0lv_03","multiFSYNC","R","random__pre1__anneal_default",8,82620308,"none",FALSE,"v0lv_03__R__82620308","random",1,"c(1,1.9,100)",99,"strict_practical_stop_or_maximum_200_T1",200,TRUE,12,"maximum_eligible_ordinary_T1_ELBO",FALSE,TRUE,"observation_only",FALSE,FALSE,FALSE,FALSE,FALSE
"V0LV_MANIFEST_SCHEMA_V3_CANDIDATE2_20260812","V0LV_UNSEEN_VALIDATION_V2_CANDIDATE2_20260812","R_ONLY_MULTISTART_V3_CANDIDATE2_20260812","v0lv_03_R_09","v0lv_03","multiFSYNC","R","random__pre1__anneal_default",9,82620309,"none",FALSE,"v0lv_03__R__82620309","random",1,"c(1,1.9,100)",99,"strict_practical_stop_or_maximum_200_T1",200,TRUE,12,"maximum_eligible_ordinary_T1_ELBO",FALSE,TRUE,"observation_only",FALSE,FALSE,FALSE,FALSE,FALSE
"V0LV_MANIFEST_SCHEMA_V3_CANDIDATE2_20260812","V0LV_UNSEEN_VALIDATION_V2_CANDIDATE2_20260812","R_ONLY_MULTISTART_V3_CANDIDATE2_20260812","v0lv_03_R_10","v0lv_03","multiFSYNC","R","random__pre1__anneal_default",10,82620310,"none",FALSE,"v0lv_03__R__82620310","random",1,"c(1,1.9,100)",99,"strict_practical_stop_or_maximum_200_T1",200,TRUE,12,"maximum_eligible_ordinary_T1_ELBO",FALSE,TRUE,"observation_only",FALSE,FALSE,FALSE,FALSE,FALSE
"V0LV_MANIFEST_SCHEMA_V3_CANDIDATE2_20260812","V0LV_UNSEEN_VALIDATION_V2_CANDIDATE2_20260812","R_ONLY_MULTISTART_V3_CANDIDATE2_20260812","v0lv_03_R_11","v0lv_03","multiFSYNC","R","random__pre1__anneal_default",11,82620311,"none",FALSE,"v0lv_03__R__82620311","random",1,"c(1,1.9,100)",99,"strict_practical_stop_or_maximum_200_T1",200,TRUE,12,"maximum_eligible_ordinary_T1_ELBO",FALSE,TRUE,"observation_only",FALSE,FALSE,FALSE,FALSE,FALSE
"V0LV_MANIFEST_SCHEMA_V3_CANDIDATE2_20260812","V0LV_UNSEEN_VALIDATION_V2_CANDIDATE2_20260812","R_ONLY_MULTISTART_V3_CANDIDATE2_20260812","v0lv_03_R_12","v0lv_03","multiFSYNC","R","random__pre1__anneal_default",12,82620312,"none",FALSE,"v0lv_03__R__82620312","random",1,"c(1,1.9,100)",99,"strict_practical_stop_or_maximum_200_T1",200,TRUE,12,"maximum_eligible_ordinary_T1_ELBO",FALSE,TRUE,"observation_only",FALSE,FALSE,FALSE,FALSE,FALSE
"V0LV_MANIFEST_SCHEMA_V3_CANDIDATE2_20260812","V0LV_UNSEEN_VALIDATION_V2_CANDIDATE2_20260812","not_applicable","v0lv_03_pooled_bayesSYNC_01","v0lv_03","bayesSYNC_reference","pooled_bayesSYNC","pooled_bayesSYNC",1,82630003,"none",FALSE,"v0lv_03__pooled_bayesSYNC__82630003","random",0,"c(1,1.9,100)",99,"reference_ELBO_stop_or_maxit299",200,TRUE,1,"single_preregistered_endpoint",FALSE,FALSE,"observation_only",FALSE,FALSE,FALSE,FALSE,FALSE
"V0LV_MANIFEST_SCHEMA_V3_CANDIDATE2_20260812","V0LV_UNSEEN_VALIDATION_V2_CANDIDATE2_20260812","not_applicable","v0lv_04_B0_01","v0lv_04","multiFSYNC","B0","B0",1,82620401,"v0lv_04_core_01",TRUE,"v0lv_04__B0__82620401","random",0,"none",0,"strict_practical_stop_or_maximum_200_T1",200,TRUE,4,"maximum_eligible_ordinary_T1_ELBO",FALSE,FALSE,"observation_only",FALSE,FALSE,FALSE,FALSE,FALSE
"V0LV_MANIFEST_SCHEMA_V3_CANDIDATE2_20260812","V0LV_UNSEEN_VALIDATION_V2_CANDIDATE2_20260812","not_applicable","v0lv_04_B0_02","v0lv_04","multiFSYNC","B0","B0",2,82620402,"v0lv_04_core_02",TRUE,"v0lv_04__B0__82620402","random",0,"none",0,"strict_practical_stop_or_maximum_200_T1",200,TRUE,4,"maximum_eligible_ordinary_T1_ELBO",FALSE,FALSE,"observation_only",FALSE,FALSE,FALSE,FALSE,FALSE
"V0LV_MANIFEST_SCHEMA_V3_CANDIDATE2_20260812","V0LV_UNSEEN_VALIDATION_V2_CANDIDATE2_20260812","not_applicable","v0lv_04_B0_03","v0lv_04","multiFSYNC","B0","B0",3,82620403,"v0lv_04_core_03",TRUE,"v0lv_04__B0__82620403","random",0,"none",0,"strict_practical_stop_or_maximum_200_T1",200,TRUE,4,"maximum_eligible_ordinary_T1_ELBO",FALSE,FALSE,"observation_only",FALSE,FALSE,FALSE,FALSE,FALSE
"V0LV_MANIFEST_SCHEMA_V3_CANDIDATE2_20260812","V0LV_UNSEEN_VALIDATION_V2_CANDIDATE2_20260812","not_applicable","v0lv_04_B0_04","v0lv_04","multiFSYNC","B0","B0",4,82620404,"v0lv_04_core_04",TRUE,"v0lv_04__B0__82620404","random",0,"none",0,"strict_practical_stop_or_maximum_200_T1",200,TRUE,4,"maximum_eligible_ordinary_T1_ELBO",FALSE,FALSE,"observation_only",FALSE,FALSE,FALSE,FALSE,FALSE
"V0LV_MANIFEST_SCHEMA_V3_CANDIDATE2_20260812","V0LV_UNSEEN_VALIDATION_V2_CANDIDATE2_20260812","not_applicable","v0lv_04_A_01","v0lv_04","multiFSYNC","A","A",1,82620401,"v0lv_04_core_01",TRUE,"v0lv_04__A__82620401","random",0,"c(1,1.9,100)",99,"strict_practical_stop_or_maximum_200_T1",200,TRUE,4,"maximum_eligible_ordinary_T1_ELBO",FALSE,FALSE,"observation_only",FALSE,FALSE,FALSE,FALSE,FALSE
"V0LV_MANIFEST_SCHEMA_V3_CANDIDATE2_20260812","V0LV_UNSEEN_VALIDATION_V2_CANDIDATE2_20260812","not_applicable","v0lv_04_A_02","v0lv_04","multiFSYNC","A","A",2,82620402,"v0lv_04_core_02",TRUE,"v0lv_04__A__82620402","random",0,"c(1,1.9,100)",99,"strict_practical_stop_or_maximum_200_T1",200,TRUE,4,"maximum_eligible_ordinary_T1_ELBO",FALSE,FALSE,"observation_only",FALSE,FALSE,FALSE,FALSE,FALSE
"V0LV_MANIFEST_SCHEMA_V3_CANDIDATE2_20260812","V0LV_UNSEEN_VALIDATION_V2_CANDIDATE2_20260812","not_applicable","v0lv_04_A_03","v0lv_04","multiFSYNC","A","A",3,82620403,"v0lv_04_core_03",TRUE,"v0lv_04__A__82620403","random",0,"c(1,1.9,100)",99,"strict_practical_stop_or_maximum_200_T1",200,TRUE,4,"maximum_eligible_ordinary_T1_ELBO",FALSE,FALSE,"observation_only",FALSE,FALSE,FALSE,FALSE,FALSE
"V0LV_MANIFEST_SCHEMA_V3_CANDIDATE2_20260812","V0LV_UNSEEN_VALIDATION_V2_CANDIDATE2_20260812","not_applicable","v0lv_04_A_04","v0lv_04","multiFSYNC","A","A",4,82620404,"v0lv_04_core_04",TRUE,"v0lv_04__A__82620404","random",0,"c(1,1.9,100)",99,"strict_practical_stop_or_maximum_200_T1",200,TRUE,4,"maximum_eligible_ordinary_T1_ELBO",FALSE,FALSE,"observation_only",FALSE,FALSE,FALSE,FALSE,FALSE
"V0LV_MANIFEST_SCHEMA_V3_CANDIDATE2_20260812","V0LV_UNSEEN_VALIDATION_V2_CANDIDATE2_20260812","R_ONLY_MULTISTART_V3_CANDIDATE2_20260812","v0lv_04_R_01","v0lv_04","multiFSYNC","R","random__pre1__anneal_default",1,82620401,"v0lv_04_core_01",TRUE,"v0lv_04__R__82620401","random",1,"c(1,1.9,100)",99,"strict_practical_stop_or_maximum_200_T1",200,TRUE,12,"maximum_eligible_ordinary_T1_ELBO",FALSE,TRUE,"observation_only",FALSE,FALSE,FALSE,FALSE,FALSE
"V0LV_MANIFEST_SCHEMA_V3_CANDIDATE2_20260812","V0LV_UNSEEN_VALIDATION_V2_CANDIDATE2_20260812","R_ONLY_MULTISTART_V3_CANDIDATE2_20260812","v0lv_04_R_02","v0lv_04","multiFSYNC","R","random__pre1__anneal_default",2,82620402,"v0lv_04_core_02",TRUE,"v0lv_04__R__82620402","random",1,"c(1,1.9,100)",99,"strict_practical_stop_or_maximum_200_T1",200,TRUE,12,"maximum_eligible_ordinary_T1_ELBO",FALSE,TRUE,"observation_only",FALSE,FALSE,FALSE,FALSE,FALSE
"V0LV_MANIFEST_SCHEMA_V3_CANDIDATE2_20260812","V0LV_UNSEEN_VALIDATION_V2_CANDIDATE2_20260812","R_ONLY_MULTISTART_V3_CANDIDATE2_20260812","v0lv_04_R_03","v0lv_04","multiFSYNC","R","random__pre1__anneal_default",3,82620403,"v0lv_04_core_03",TRUE,"v0lv_04__R__82620403","random",1,"c(1,1.9,100)",99,"strict_practical_stop_or_maximum_200_T1",200,TRUE,12,"maximum_eligible_ordinary_T1_ELBO",FALSE,TRUE,"observation_only",FALSE,FALSE,FALSE,FALSE,FALSE
"V0LV_MANIFEST_SCHEMA_V3_CANDIDATE2_20260812","V0LV_UNSEEN_VALIDATION_V2_CANDIDATE2_20260812","R_ONLY_MULTISTART_V3_CANDIDATE2_20260812","v0lv_04_R_04","v0lv_04","multiFSYNC","R","random__pre1__anneal_default",4,82620404,"v0lv_04_core_04",TRUE,"v0lv_04__R__82620404","random",1,"c(1,1.9,100)",99,"strict_practical_stop_or_maximum_200_T1",200,TRUE,12,"maximum_eligible_ordinary_T1_ELBO",FALSE,TRUE,"observation_only",FALSE,FALSE,FALSE,FALSE,FALSE
"V0LV_MANIFEST_SCHEMA_V3_CANDIDATE2_20260812","V0LV_UNSEEN_VALIDATION_V2_CANDIDATE2_20260812","R_ONLY_MULTISTART_V3_CANDIDATE2_20260812","v0lv_04_R_05","v0lv_04","multiFSYNC","R","random__pre1__anneal_default",5,82620405,"none",FALSE,"v0lv_04__R__82620405","random",1,"c(1,1.9,100)",99,"strict_practical_stop_or_maximum_200_T1",200,TRUE,12,"maximum_eligible_ordinary_T1_ELBO",FALSE,TRUE,"observation_only",FALSE,FALSE,FALSE,FALSE,FALSE
"V0LV_MANIFEST_SCHEMA_V3_CANDIDATE2_20260812","V0LV_UNSEEN_VALIDATION_V2_CANDIDATE2_20260812","R_ONLY_MULTISTART_V3_CANDIDATE2_20260812","v0lv_04_R_06","v0lv_04","multiFSYNC","R","random__pre1__anneal_default",6,82620406,"none",FALSE,"v0lv_04__R__82620406","random",1,"c(1,1.9,100)",99,"strict_practical_stop_or_maximum_200_T1",200,TRUE,12,"maximum_eligible_ordinary_T1_ELBO",FALSE,TRUE,"observation_only",FALSE,FALSE,FALSE,FALSE,FALSE
"V0LV_MANIFEST_SCHEMA_V3_CANDIDATE2_20260812","V0LV_UNSEEN_VALIDATION_V2_CANDIDATE2_20260812","R_ONLY_MULTISTART_V3_CANDIDATE2_20260812","v0lv_04_R_07","v0lv_04","multiFSYNC","R","random__pre1__anneal_default",7,82620407,"none",FALSE,"v0lv_04__R__82620407","random",1,"c(1,1.9,100)",99,"strict_practical_stop_or_maximum_200_T1",200,TRUE,12,"maximum_eligible_ordinary_T1_ELBO",FALSE,TRUE,"observation_only",FALSE,FALSE,FALSE,FALSE,FALSE
"V0LV_MANIFEST_SCHEMA_V3_CANDIDATE2_20260812","V0LV_UNSEEN_VALIDATION_V2_CANDIDATE2_20260812","R_ONLY_MULTISTART_V3_CANDIDATE2_20260812","v0lv_04_R_08","v0lv_04","multiFSYNC","R","random__pre1__anneal_default",8,82620408,"none",FALSE,"v0lv_04__R__82620408","random",1,"c(1,1.9,100)",99,"strict_practical_stop_or_maximum_200_T1",200,TRUE,12,"maximum_eligible_ordinary_T1_ELBO",FALSE,TRUE,"observation_only",FALSE,FALSE,FALSE,FALSE,FALSE
"V0LV_MANIFEST_SCHEMA_V3_CANDIDATE2_20260812","V0LV_UNSEEN_VALIDATION_V2_CANDIDATE2_20260812","R_ONLY_MULTISTART_V3_CANDIDATE2_20260812","v0lv_04_R_09","v0lv_04","multiFSYNC","R","random__pre1__anneal_default",9,82620409,"none",FALSE,"v0lv_04__R__82620409","random",1,"c(1,1.9,100)",99,"strict_practical_stop_or_maximum_200_T1",200,TRUE,12,"maximum_eligible_ordinary_T1_ELBO",FALSE,TRUE,"observation_only",FALSE,FALSE,FALSE,FALSE,FALSE
"V0LV_MANIFEST_SCHEMA_V3_CANDIDATE2_20260812","V0LV_UNSEEN_VALIDATION_V2_CANDIDATE2_20260812","R_ONLY_MULTISTART_V3_CANDIDATE2_20260812","v0lv_04_R_10","v0lv_04","multiFSYNC","R","random__pre1__anneal_default",10,82620410,"none",FALSE,"v0lv_04__R__82620410","random",1,"c(1,1.9,100)",99,"strict_practical_stop_or_maximum_200_T1",200,TRUE,12,"maximum_eligible_ordinary_T1_ELBO",FALSE,TRUE,"observation_only",FALSE,FALSE,FALSE,FALSE,FALSE
"V0LV_MANIFEST_SCHEMA_V3_CANDIDATE2_20260812","V0LV_UNSEEN_VALIDATION_V2_CANDIDATE2_20260812","R_ONLY_MULTISTART_V3_CANDIDATE2_20260812","v0lv_04_R_11","v0lv_04","multiFSYNC","R","random__pre1__anneal_default",11,82620411,"none",FALSE,"v0lv_04__R__82620411","random",1,"c(1,1.9,100)",99,"strict_practical_stop_or_maximum_200_T1",200,TRUE,12,"maximum_eligible_ordinary_T1_ELBO",FALSE,TRUE,"observation_only",FALSE,FALSE,FALSE,FALSE,FALSE
"V0LV_MANIFEST_SCHEMA_V3_CANDIDATE2_20260812","V0LV_UNSEEN_VALIDATION_V2_CANDIDATE2_20260812","R_ONLY_MULTISTART_V3_CANDIDATE2_20260812","v0lv_04_R_12","v0lv_04","multiFSYNC","R","random__pre1__anneal_default",12,82620412,"none",FALSE,"v0lv_04__R__82620412","random",1,"c(1,1.9,100)",99,"strict_practical_stop_or_maximum_200_T1",200,TRUE,12,"maximum_eligible_ordinary_T1_ELBO",FALSE,TRUE,"observation_only",FALSE,FALSE,FALSE,FALSE,FALSE
"V0LV_MANIFEST_SCHEMA_V3_CANDIDATE2_20260812","V0LV_UNSEEN_VALIDATION_V2_CANDIDATE2_20260812","not_applicable","v0lv_04_pooled_bayesSYNC_01","v0lv_04","bayesSYNC_reference","pooled_bayesSYNC","pooled_bayesSYNC",1,82630004,"none",FALSE,"v0lv_04__pooled_bayesSYNC__82630004","random",0,"c(1,1.9,100)",99,"reference_ELBO_stop_or_maxit299",200,TRUE,1,"single_preregistered_endpoint",FALSE,FALSE,"observation_only",FALSE,FALSE,FALSE,FALSE,FALSE
"V0LV_MANIFEST_SCHEMA_V3_CANDIDATE2_20260812","V0LV_UNSEEN_VALIDATION_V2_CANDIDATE2_20260812","not_applicable","v0lv_05_B0_01","v0lv_05","multiFSYNC","B0","B0",1,82620501,"v0lv_05_core_01",TRUE,"v0lv_05__B0__82620501","random",0,"none",0,"strict_practical_stop_or_maximum_200_T1",200,TRUE,4,"maximum_eligible_ordinary_T1_ELBO",FALSE,FALSE,"observation_only",FALSE,FALSE,FALSE,FALSE,FALSE
"V0LV_MANIFEST_SCHEMA_V3_CANDIDATE2_20260812","V0LV_UNSEEN_VALIDATION_V2_CANDIDATE2_20260812","not_applicable","v0lv_05_B0_02","v0lv_05","multiFSYNC","B0","B0",2,82620502,"v0lv_05_core_02",TRUE,"v0lv_05__B0__82620502","random",0,"none",0,"strict_practical_stop_or_maximum_200_T1",200,TRUE,4,"maximum_eligible_ordinary_T1_ELBO",FALSE,FALSE,"observation_only",FALSE,FALSE,FALSE,FALSE,FALSE
"V0LV_MANIFEST_SCHEMA_V3_CANDIDATE2_20260812","V0LV_UNSEEN_VALIDATION_V2_CANDIDATE2_20260812","not_applicable","v0lv_05_B0_03","v0lv_05","multiFSYNC","B0","B0",3,82620503,"v0lv_05_core_03",TRUE,"v0lv_05__B0__82620503","random",0,"none",0,"strict_practical_stop_or_maximum_200_T1",200,TRUE,4,"maximum_eligible_ordinary_T1_ELBO",FALSE,FALSE,"observation_only",FALSE,FALSE,FALSE,FALSE,FALSE
"V0LV_MANIFEST_SCHEMA_V3_CANDIDATE2_20260812","V0LV_UNSEEN_VALIDATION_V2_CANDIDATE2_20260812","not_applicable","v0lv_05_B0_04","v0lv_05","multiFSYNC","B0","B0",4,82620504,"v0lv_05_core_04",TRUE,"v0lv_05__B0__82620504","random",0,"none",0,"strict_practical_stop_or_maximum_200_T1",200,TRUE,4,"maximum_eligible_ordinary_T1_ELBO",FALSE,FALSE,"observation_only",FALSE,FALSE,FALSE,FALSE,FALSE
"V0LV_MANIFEST_SCHEMA_V3_CANDIDATE2_20260812","V0LV_UNSEEN_VALIDATION_V2_CANDIDATE2_20260812","not_applicable","v0lv_05_A_01","v0lv_05","multiFSYNC","A","A",1,82620501,"v0lv_05_core_01",TRUE,"v0lv_05__A__82620501","random",0,"c(1,1.9,100)",99,"strict_practical_stop_or_maximum_200_T1",200,TRUE,4,"maximum_eligible_ordinary_T1_ELBO",FALSE,FALSE,"observation_only",FALSE,FALSE,FALSE,FALSE,FALSE
"V0LV_MANIFEST_SCHEMA_V3_CANDIDATE2_20260812","V0LV_UNSEEN_VALIDATION_V2_CANDIDATE2_20260812","not_applicable","v0lv_05_A_02","v0lv_05","multiFSYNC","A","A",2,82620502,"v0lv_05_core_02",TRUE,"v0lv_05__A__82620502","random",0,"c(1,1.9,100)",99,"strict_practical_stop_or_maximum_200_T1",200,TRUE,4,"maximum_eligible_ordinary_T1_ELBO",FALSE,FALSE,"observation_only",FALSE,FALSE,FALSE,FALSE,FALSE
"V0LV_MANIFEST_SCHEMA_V3_CANDIDATE2_20260812","V0LV_UNSEEN_VALIDATION_V2_CANDIDATE2_20260812","not_applicable","v0lv_05_A_03","v0lv_05","multiFSYNC","A","A",3,82620503,"v0lv_05_core_03",TRUE,"v0lv_05__A__82620503","random",0,"c(1,1.9,100)",99,"strict_practical_stop_or_maximum_200_T1",200,TRUE,4,"maximum_eligible_ordinary_T1_ELBO",FALSE,FALSE,"observation_only",FALSE,FALSE,FALSE,FALSE,FALSE
"V0LV_MANIFEST_SCHEMA_V3_CANDIDATE2_20260812","V0LV_UNSEEN_VALIDATION_V2_CANDIDATE2_20260812","not_applicable","v0lv_05_A_04","v0lv_05","multiFSYNC","A","A",4,82620504,"v0lv_05_core_04",TRUE,"v0lv_05__A__82620504","random",0,"c(1,1.9,100)",99,"strict_practical_stop_or_maximum_200_T1",200,TRUE,4,"maximum_eligible_ordinary_T1_ELBO",FALSE,FALSE,"observation_only",FALSE,FALSE,FALSE,FALSE,FALSE
"V0LV_MANIFEST_SCHEMA_V3_CANDIDATE2_20260812","V0LV_UNSEEN_VALIDATION_V2_CANDIDATE2_20260812","R_ONLY_MULTISTART_V3_CANDIDATE2_20260812","v0lv_05_R_01","v0lv_05","multiFSYNC","R","random__pre1__anneal_default",1,82620501,"v0lv_05_core_01",TRUE,"v0lv_05__R__82620501","random",1,"c(1,1.9,100)",99,"strict_practical_stop_or_maximum_200_T1",200,TRUE,12,"maximum_eligible_ordinary_T1_ELBO",FALSE,TRUE,"observation_only",FALSE,FALSE,FALSE,FALSE,FALSE
"V0LV_MANIFEST_SCHEMA_V3_CANDIDATE2_20260812","V0LV_UNSEEN_VALIDATION_V2_CANDIDATE2_20260812","R_ONLY_MULTISTART_V3_CANDIDATE2_20260812","v0lv_05_R_02","v0lv_05","multiFSYNC","R","random__pre1__anneal_default",2,82620502,"v0lv_05_core_02",TRUE,"v0lv_05__R__82620502","random",1,"c(1,1.9,100)",99,"strict_practical_stop_or_maximum_200_T1",200,TRUE,12,"maximum_eligible_ordinary_T1_ELBO",FALSE,TRUE,"observation_only",FALSE,FALSE,FALSE,FALSE,FALSE
"V0LV_MANIFEST_SCHEMA_V3_CANDIDATE2_20260812","V0LV_UNSEEN_VALIDATION_V2_CANDIDATE2_20260812","R_ONLY_MULTISTART_V3_CANDIDATE2_20260812","v0lv_05_R_03","v0lv_05","multiFSYNC","R","random__pre1__anneal_default",3,82620503,"v0lv_05_core_03",TRUE,"v0lv_05__R__82620503","random",1,"c(1,1.9,100)",99,"strict_practical_stop_or_maximum_200_T1",200,TRUE,12,"maximum_eligible_ordinary_T1_ELBO",FALSE,TRUE,"observation_only",FALSE,FALSE,FALSE,FALSE,FALSE
"V0LV_MANIFEST_SCHEMA_V3_CANDIDATE2_20260812","V0LV_UNSEEN_VALIDATION_V2_CANDIDATE2_20260812","R_ONLY_MULTISTART_V3_CANDIDATE2_20260812","v0lv_05_R_04","v0lv_05","multiFSYNC","R","random__pre1__anneal_default",4,82620504,"v0lv_05_core_04",TRUE,"v0lv_05__R__82620504","random",1,"c(1,1.9,100)",99,"strict_practical_stop_or_maximum_200_T1",200,TRUE,12,"maximum_eligible_ordinary_T1_ELBO",FALSE,TRUE,"observation_only",FALSE,FALSE,FALSE,FALSE,FALSE
"V0LV_MANIFEST_SCHEMA_V3_CANDIDATE2_20260812","V0LV_UNSEEN_VALIDATION_V2_CANDIDATE2_20260812","R_ONLY_MULTISTART_V3_CANDIDATE2_20260812","v0lv_05_R_05","v0lv_05","multiFSYNC","R","random__pre1__anneal_default",5,82620505,"none",FALSE,"v0lv_05__R__82620505","random",1,"c(1,1.9,100)",99,"strict_practical_stop_or_maximum_200_T1",200,TRUE,12,"maximum_eligible_ordinary_T1_ELBO",FALSE,TRUE,"observation_only",FALSE,FALSE,FALSE,FALSE,FALSE
"V0LV_MANIFEST_SCHEMA_V3_CANDIDATE2_20260812","V0LV_UNSEEN_VALIDATION_V2_CANDIDATE2_20260812","R_ONLY_MULTISTART_V3_CANDIDATE2_20260812","v0lv_05_R_06","v0lv_05","multiFSYNC","R","random__pre1__anneal_default",6,82620506,"none",FALSE,"v0lv_05__R__82620506","random",1,"c(1,1.9,100)",99,"strict_practical_stop_or_maximum_200_T1",200,TRUE,12,"maximum_eligible_ordinary_T1_ELBO",FALSE,TRUE,"observation_only",FALSE,FALSE,FALSE,FALSE,FALSE
"V0LV_MANIFEST_SCHEMA_V3_CANDIDATE2_20260812","V0LV_UNSEEN_VALIDATION_V2_CANDIDATE2_20260812","R_ONLY_MULTISTART_V3_CANDIDATE2_20260812","v0lv_05_R_07","v0lv_05","multiFSYNC","R","random__pre1__anneal_default",7,82620507,"none",FALSE,"v0lv_05__R__82620507","random",1,"c(1,1.9,100)",99,"strict_practical_stop_or_maximum_200_T1",200,TRUE,12,"maximum_eligible_ordinary_T1_ELBO",FALSE,TRUE,"observation_only",FALSE,FALSE,FALSE,FALSE,FALSE
"V0LV_MANIFEST_SCHEMA_V3_CANDIDATE2_20260812","V0LV_UNSEEN_VALIDATION_V2_CANDIDATE2_20260812","R_ONLY_MULTISTART_V3_CANDIDATE2_20260812","v0lv_05_R_08","v0lv_05","multiFSYNC","R","random__pre1__anneal_default",8,82620508,"none",FALSE,"v0lv_05__R__82620508","random",1,"c(1,1.9,100)",99,"strict_practical_stop_or_maximum_200_T1",200,TRUE,12,"maximum_eligible_ordinary_T1_ELBO",FALSE,TRUE,"observation_only",FALSE,FALSE,FALSE,FALSE,FALSE
"V0LV_MANIFEST_SCHEMA_V3_CANDIDATE2_20260812","V0LV_UNSEEN_VALIDATION_V2_CANDIDATE2_20260812","R_ONLY_MULTISTART_V3_CANDIDATE2_20260812","v0lv_05_R_09","v0lv_05","multiFSYNC","R","random__pre1__anneal_default",9,82620509,"none",FALSE,"v0lv_05__R__82620509","random",1,"c(1,1.9,100)",99,"strict_practical_stop_or_maximum_200_T1",200,TRUE,12,"maximum_eligible_ordinary_T1_ELBO",FALSE,TRUE,"observation_only",FALSE,FALSE,FALSE,FALSE,FALSE
"V0LV_MANIFEST_SCHEMA_V3_CANDIDATE2_20260812","V0LV_UNSEEN_VALIDATION_V2_CANDIDATE2_20260812","R_ONLY_MULTISTART_V3_CANDIDATE2_20260812","v0lv_05_R_10","v0lv_05","multiFSYNC","R","random__pre1__anneal_default",10,82620510,"none",FALSE,"v0lv_05__R__82620510","random",1,"c(1,1.9,100)",99,"strict_practical_stop_or_maximum_200_T1",200,TRUE,12,"maximum_eligible_ordinary_T1_ELBO",FALSE,TRUE,"observation_only",FALSE,FALSE,FALSE,FALSE,FALSE
"V0LV_MANIFEST_SCHEMA_V3_CANDIDATE2_20260812","V0LV_UNSEEN_VALIDATION_V2_CANDIDATE2_20260812","R_ONLY_MULTISTART_V3_CANDIDATE2_20260812","v0lv_05_R_11","v0lv_05","multiFSYNC","R","random__pre1__anneal_default",11,82620511,"none",FALSE,"v0lv_05__R__82620511","random",1,"c(1,1.9,100)",99,"strict_practical_stop_or_maximum_200_T1",200,TRUE,12,"maximum_eligible_ordinary_T1_ELBO",FALSE,TRUE,"observation_only",FALSE,FALSE,FALSE,FALSE,FALSE
"V0LV_MANIFEST_SCHEMA_V3_CANDIDATE2_20260812","V0LV_UNSEEN_VALIDATION_V2_CANDIDATE2_20260812","R_ONLY_MULTISTART_V3_CANDIDATE2_20260812","v0lv_05_R_12","v0lv_05","multiFSYNC","R","random__pre1__anneal_default",12,82620512,"none",FALSE,"v0lv_05__R__82620512","random",1,"c(1,1.9,100)",99,"strict_practical_stop_or_maximum_200_T1",200,TRUE,12,"maximum_eligible_ordinary_T1_ELBO",FALSE,TRUE,"observation_only",FALSE,FALSE,FALSE,FALSE,FALSE
"V0LV_MANIFEST_SCHEMA_V3_CANDIDATE2_20260812","V0LV_UNSEEN_VALIDATION_V2_CANDIDATE2_20260812","not_applicable","v0lv_05_pooled_bayesSYNC_01","v0lv_05","bayesSYNC_reference","pooled_bayesSYNC","pooled_bayesSYNC",1,82630005,"none",FALSE,"v0lv_05__pooled_bayesSYNC__82630005","random",0,"c(1,1.9,100)",99,"reference_ELBO_stop_or_maxit299",200,TRUE,1,"single_preregistered_endpoint",FALSE,FALSE,"observation_only",FALSE,FALSE,FALSE,FALSE,FALSE
"V0LV_MANIFEST_SCHEMA_V3_CANDIDATE2_20260812","V0LV_UNSEEN_VALIDATION_V2_CANDIDATE2_20260812","not_applicable","v0lv_06_B0_01","v0lv_06","multiFSYNC","B0","B0",1,82620601,"v0lv_06_core_01",TRUE,"v0lv_06__B0__82620601","random",0,"none",0,"strict_practical_stop_or_maximum_200_T1",200,TRUE,4,"maximum_eligible_ordinary_T1_ELBO",FALSE,FALSE,"observation_only",FALSE,FALSE,FALSE,FALSE,FALSE
"V0LV_MANIFEST_SCHEMA_V3_CANDIDATE2_20260812","V0LV_UNSEEN_VALIDATION_V2_CANDIDATE2_20260812","not_applicable","v0lv_06_B0_02","v0lv_06","multiFSYNC","B0","B0",2,82620602,"v0lv_06_core_02",TRUE,"v0lv_06__B0__82620602","random",0,"none",0,"strict_practical_stop_or_maximum_200_T1",200,TRUE,4,"maximum_eligible_ordinary_T1_ELBO",FALSE,FALSE,"observation_only",FALSE,FALSE,FALSE,FALSE,FALSE
"V0LV_MANIFEST_SCHEMA_V3_CANDIDATE2_20260812","V0LV_UNSEEN_VALIDATION_V2_CANDIDATE2_20260812","not_applicable","v0lv_06_B0_03","v0lv_06","multiFSYNC","B0","B0",3,82620603,"v0lv_06_core_03",TRUE,"v0lv_06__B0__82620603","random",0,"none",0,"strict_practical_stop_or_maximum_200_T1",200,TRUE,4,"maximum_eligible_ordinary_T1_ELBO",FALSE,FALSE,"observation_only",FALSE,FALSE,FALSE,FALSE,FALSE
"V0LV_MANIFEST_SCHEMA_V3_CANDIDATE2_20260812","V0LV_UNSEEN_VALIDATION_V2_CANDIDATE2_20260812","not_applicable","v0lv_06_B0_04","v0lv_06","multiFSYNC","B0","B0",4,82620604,"v0lv_06_core_04",TRUE,"v0lv_06__B0__82620604","random",0,"none",0,"strict_practical_stop_or_maximum_200_T1",200,TRUE,4,"maximum_eligible_ordinary_T1_ELBO",FALSE,FALSE,"observation_only",FALSE,FALSE,FALSE,FALSE,FALSE
"V0LV_MANIFEST_SCHEMA_V3_CANDIDATE2_20260812","V0LV_UNSEEN_VALIDATION_V2_CANDIDATE2_20260812","not_applicable","v0lv_06_A_01","v0lv_06","multiFSYNC","A","A",1,82620601,"v0lv_06_core_01",TRUE,"v0lv_06__A__82620601","random",0,"c(1,1.9,100)",99,"strict_practical_stop_or_maximum_200_T1",200,TRUE,4,"maximum_eligible_ordinary_T1_ELBO",FALSE,FALSE,"observation_only",FALSE,FALSE,FALSE,FALSE,FALSE
"V0LV_MANIFEST_SCHEMA_V3_CANDIDATE2_20260812","V0LV_UNSEEN_VALIDATION_V2_CANDIDATE2_20260812","not_applicable","v0lv_06_A_02","v0lv_06","multiFSYNC","A","A",2,82620602,"v0lv_06_core_02",TRUE,"v0lv_06__A__82620602","random",0,"c(1,1.9,100)",99,"strict_practical_stop_or_maximum_200_T1",200,TRUE,4,"maximum_eligible_ordinary_T1_ELBO",FALSE,FALSE,"observation_only",FALSE,FALSE,FALSE,FALSE,FALSE
"V0LV_MANIFEST_SCHEMA_V3_CANDIDATE2_20260812","V0LV_UNSEEN_VALIDATION_V2_CANDIDATE2_20260812","not_applicable","v0lv_06_A_03","v0lv_06","multiFSYNC","A","A",3,82620603,"v0lv_06_core_03",TRUE,"v0lv_06__A__82620603","random",0,"c(1,1.9,100)",99,"strict_practical_stop_or_maximum_200_T1",200,TRUE,4,"maximum_eligible_ordinary_T1_ELBO",FALSE,FALSE,"observation_only",FALSE,FALSE,FALSE,FALSE,FALSE
"V0LV_MANIFEST_SCHEMA_V3_CANDIDATE2_20260812","V0LV_UNSEEN_VALIDATION_V2_CANDIDATE2_20260812","not_applicable","v0lv_06_A_04","v0lv_06","multiFSYNC","A","A",4,82620604,"v0lv_06_core_04",TRUE,"v0lv_06__A__82620604","random",0,"c(1,1.9,100)",99,"strict_practical_stop_or_maximum_200_T1",200,TRUE,4,"maximum_eligible_ordinary_T1_ELBO",FALSE,FALSE,"observation_only",FALSE,FALSE,FALSE,FALSE,FALSE
"V0LV_MANIFEST_SCHEMA_V3_CANDIDATE2_20260812","V0LV_UNSEEN_VALIDATION_V2_CANDIDATE2_20260812","R_ONLY_MULTISTART_V3_CANDIDATE2_20260812","v0lv_06_R_01","v0lv_06","multiFSYNC","R","random__pre1__anneal_default",1,82620601,"v0lv_06_core_01",TRUE,"v0lv_06__R__82620601","random",1,"c(1,1.9,100)",99,"strict_practical_stop_or_maximum_200_T1",200,TRUE,12,"maximum_eligible_ordinary_T1_ELBO",FALSE,TRUE,"observation_only",FALSE,FALSE,FALSE,FALSE,FALSE
"V0LV_MANIFEST_SCHEMA_V3_CANDIDATE2_20260812","V0LV_UNSEEN_VALIDATION_V2_CANDIDATE2_20260812","R_ONLY_MULTISTART_V3_CANDIDATE2_20260812","v0lv_06_R_02","v0lv_06","multiFSYNC","R","random__pre1__anneal_default",2,82620602,"v0lv_06_core_02",TRUE,"v0lv_06__R__82620602","random",1,"c(1,1.9,100)",99,"strict_practical_stop_or_maximum_200_T1",200,TRUE,12,"maximum_eligible_ordinary_T1_ELBO",FALSE,TRUE,"observation_only",FALSE,FALSE,FALSE,FALSE,FALSE
"V0LV_MANIFEST_SCHEMA_V3_CANDIDATE2_20260812","V0LV_UNSEEN_VALIDATION_V2_CANDIDATE2_20260812","R_ONLY_MULTISTART_V3_CANDIDATE2_20260812","v0lv_06_R_03","v0lv_06","multiFSYNC","R","random__pre1__anneal_default",3,82620603,"v0lv_06_core_03",TRUE,"v0lv_06__R__82620603","random",1,"c(1,1.9,100)",99,"strict_practical_stop_or_maximum_200_T1",200,TRUE,12,"maximum_eligible_ordinary_T1_ELBO",FALSE,TRUE,"observation_only",FALSE,FALSE,FALSE,FALSE,FALSE
"V0LV_MANIFEST_SCHEMA_V3_CANDIDATE2_20260812","V0LV_UNSEEN_VALIDATION_V2_CANDIDATE2_20260812","R_ONLY_MULTISTART_V3_CANDIDATE2_20260812","v0lv_06_R_04","v0lv_06","multiFSYNC","R","random__pre1__anneal_default",4,82620604,"v0lv_06_core_04",TRUE,"v0lv_06__R__82620604","random",1,"c(1,1.9,100)",99,"strict_practical_stop_or_maximum_200_T1",200,TRUE,12,"maximum_eligible_ordinary_T1_ELBO",FALSE,TRUE,"observation_only",FALSE,FALSE,FALSE,FALSE,FALSE
"V0LV_MANIFEST_SCHEMA_V3_CANDIDATE2_20260812","V0LV_UNSEEN_VALIDATION_V2_CANDIDATE2_20260812","R_ONLY_MULTISTART_V3_CANDIDATE2_20260812","v0lv_06_R_05","v0lv_06","multiFSYNC","R","random__pre1__anneal_default",5,82620605,"none",FALSE,"v0lv_06__R__82620605","random",1,"c(1,1.9,100)",99,"strict_practical_stop_or_maximum_200_T1",200,TRUE,12,"maximum_eligible_ordinary_T1_ELBO",FALSE,TRUE,"observation_only",FALSE,FALSE,FALSE,FALSE,FALSE
"V0LV_MANIFEST_SCHEMA_V3_CANDIDATE2_20260812","V0LV_UNSEEN_VALIDATION_V2_CANDIDATE2_20260812","R_ONLY_MULTISTART_V3_CANDIDATE2_20260812","v0lv_06_R_06","v0lv_06","multiFSYNC","R","random__pre1__anneal_default",6,82620606,"none",FALSE,"v0lv_06__R__82620606","random",1,"c(1,1.9,100)",99,"strict_practical_stop_or_maximum_200_T1",200,TRUE,12,"maximum_eligible_ordinary_T1_ELBO",FALSE,TRUE,"observation_only",FALSE,FALSE,FALSE,FALSE,FALSE
"V0LV_MANIFEST_SCHEMA_V3_CANDIDATE2_20260812","V0LV_UNSEEN_VALIDATION_V2_CANDIDATE2_20260812","R_ONLY_MULTISTART_V3_CANDIDATE2_20260812","v0lv_06_R_07","v0lv_06","multiFSYNC","R","random__pre1__anneal_default",7,82620607,"none",FALSE,"v0lv_06__R__82620607","random",1,"c(1,1.9,100)",99,"strict_practical_stop_or_maximum_200_T1",200,TRUE,12,"maximum_eligible_ordinary_T1_ELBO",FALSE,TRUE,"observation_only",FALSE,FALSE,FALSE,FALSE,FALSE
"V0LV_MANIFEST_SCHEMA_V3_CANDIDATE2_20260812","V0LV_UNSEEN_VALIDATION_V2_CANDIDATE2_20260812","R_ONLY_MULTISTART_V3_CANDIDATE2_20260812","v0lv_06_R_08","v0lv_06","multiFSYNC","R","random__pre1__anneal_default",8,82620608,"none",FALSE,"v0lv_06__R__82620608","random",1,"c(1,1.9,100)",99,"strict_practical_stop_or_maximum_200_T1",200,TRUE,12,"maximum_eligible_ordinary_T1_ELBO",FALSE,TRUE,"observation_only",FALSE,FALSE,FALSE,FALSE,FALSE
"V0LV_MANIFEST_SCHEMA_V3_CANDIDATE2_20260812","V0LV_UNSEEN_VALIDATION_V2_CANDIDATE2_20260812","R_ONLY_MULTISTART_V3_CANDIDATE2_20260812","v0lv_06_R_09","v0lv_06","multiFSYNC","R","random__pre1__anneal_default",9,82620609,"none",FALSE,"v0lv_06__R__82620609","random",1,"c(1,1.9,100)",99,"strict_practical_stop_or_maximum_200_T1",200,TRUE,12,"maximum_eligible_ordinary_T1_ELBO",FALSE,TRUE,"observation_only",FALSE,FALSE,FALSE,FALSE,FALSE
"V0LV_MANIFEST_SCHEMA_V3_CANDIDATE2_20260812","V0LV_UNSEEN_VALIDATION_V2_CANDIDATE2_20260812","R_ONLY_MULTISTART_V3_CANDIDATE2_20260812","v0lv_06_R_10","v0lv_06","multiFSYNC","R","random__pre1__anneal_default",10,82620610,"none",FALSE,"v0lv_06__R__82620610","random",1,"c(1,1.9,100)",99,"strict_practical_stop_or_maximum_200_T1",200,TRUE,12,"maximum_eligible_ordinary_T1_ELBO",FALSE,TRUE,"observation_only",FALSE,FALSE,FALSE,FALSE,FALSE
"V0LV_MANIFEST_SCHEMA_V3_CANDIDATE2_20260812","V0LV_UNSEEN_VALIDATION_V2_CANDIDATE2_20260812","R_ONLY_MULTISTART_V3_CANDIDATE2_20260812","v0lv_06_R_11","v0lv_06","multiFSYNC","R","random__pre1__anneal_default",11,82620611,"none",FALSE,"v0lv_06__R__82620611","random",1,"c(1,1.9,100)",99,"strict_practical_stop_or_maximum_200_T1",200,TRUE,12,"maximum_eligible_ordinary_T1_ELBO",FALSE,TRUE,"observation_only",FALSE,FALSE,FALSE,FALSE,FALSE
"V0LV_MANIFEST_SCHEMA_V3_CANDIDATE2_20260812","V0LV_UNSEEN_VALIDATION_V2_CANDIDATE2_20260812","R_ONLY_MULTISTART_V3_CANDIDATE2_20260812","v0lv_06_R_12","v0lv_06","multiFSYNC","R","random__pre1__anneal_default",12,82620612,"none",FALSE,"v0lv_06__R__82620612","random",1,"c(1,1.9,100)",99,"strict_practical_stop_or_maximum_200_T1",200,TRUE,12,"maximum_eligible_ordinary_T1_ELBO",FALSE,TRUE,"observation_only",FALSE,FALSE,FALSE,FALSE,FALSE
"V0LV_MANIFEST_SCHEMA_V3_CANDIDATE2_20260812","V0LV_UNSEEN_VALIDATION_V2_CANDIDATE2_20260812","not_applicable","v0lv_06_pooled_bayesSYNC_01","v0lv_06","bayesSYNC_reference","pooled_bayesSYNC","pooled_bayesSYNC",1,82630006,"none",FALSE,"v0lv_06__pooled_bayesSYNC__82630006","random",0,"c(1,1.9,100)",99,"reference_ELBO_stop_or_maxit299",200,TRUE,1,"single_preregistered_endpoint",FALSE,FALSE,"observation_only",FALSE,FALSE,FALSE,FALSE,FALSE
"V0LV_MANIFEST_SCHEMA_V3_CANDIDATE2_20260812","V0LV_UNSEEN_VALIDATION_V2_CANDIDATE2_20260812","not_applicable","v0lv_07_B0_01","v0lv_07","multiFSYNC","B0","B0",1,82620701,"v0lv_07_core_01",TRUE,"v0lv_07__B0__82620701","random",0,"none",0,"strict_practical_stop_or_maximum_200_T1",200,TRUE,4,"maximum_eligible_ordinary_T1_ELBO",FALSE,FALSE,"observation_only",FALSE,FALSE,FALSE,FALSE,FALSE
"V0LV_MANIFEST_SCHEMA_V3_CANDIDATE2_20260812","V0LV_UNSEEN_VALIDATION_V2_CANDIDATE2_20260812","not_applicable","v0lv_07_B0_02","v0lv_07","multiFSYNC","B0","B0",2,82620702,"v0lv_07_core_02",TRUE,"v0lv_07__B0__82620702","random",0,"none",0,"strict_practical_stop_or_maximum_200_T1",200,TRUE,4,"maximum_eligible_ordinary_T1_ELBO",FALSE,FALSE,"observation_only",FALSE,FALSE,FALSE,FALSE,FALSE
"V0LV_MANIFEST_SCHEMA_V3_CANDIDATE2_20260812","V0LV_UNSEEN_VALIDATION_V2_CANDIDATE2_20260812","not_applicable","v0lv_07_B0_03","v0lv_07","multiFSYNC","B0","B0",3,82620703,"v0lv_07_core_03",TRUE,"v0lv_07__B0__82620703","random",0,"none",0,"strict_practical_stop_or_maximum_200_T1",200,TRUE,4,"maximum_eligible_ordinary_T1_ELBO",FALSE,FALSE,"observation_only",FALSE,FALSE,FALSE,FALSE,FALSE
"V0LV_MANIFEST_SCHEMA_V3_CANDIDATE2_20260812","V0LV_UNSEEN_VALIDATION_V2_CANDIDATE2_20260812","not_applicable","v0lv_07_B0_04","v0lv_07","multiFSYNC","B0","B0",4,82620704,"v0lv_07_core_04",TRUE,"v0lv_07__B0__82620704","random",0,"none",0,"strict_practical_stop_or_maximum_200_T1",200,TRUE,4,"maximum_eligible_ordinary_T1_ELBO",FALSE,FALSE,"observation_only",FALSE,FALSE,FALSE,FALSE,FALSE
"V0LV_MANIFEST_SCHEMA_V3_CANDIDATE2_20260812","V0LV_UNSEEN_VALIDATION_V2_CANDIDATE2_20260812","not_applicable","v0lv_07_A_01","v0lv_07","multiFSYNC","A","A",1,82620701,"v0lv_07_core_01",TRUE,"v0lv_07__A__82620701","random",0,"c(1,1.9,100)",99,"strict_practical_stop_or_maximum_200_T1",200,TRUE,4,"maximum_eligible_ordinary_T1_ELBO",FALSE,FALSE,"observation_only",FALSE,FALSE,FALSE,FALSE,FALSE
"V0LV_MANIFEST_SCHEMA_V3_CANDIDATE2_20260812","V0LV_UNSEEN_VALIDATION_V2_CANDIDATE2_20260812","not_applicable","v0lv_07_A_02","v0lv_07","multiFSYNC","A","A",2,82620702,"v0lv_07_core_02",TRUE,"v0lv_07__A__82620702","random",0,"c(1,1.9,100)",99,"strict_practical_stop_or_maximum_200_T1",200,TRUE,4,"maximum_eligible_ordinary_T1_ELBO",FALSE,FALSE,"observation_only",FALSE,FALSE,FALSE,FALSE,FALSE
"V0LV_MANIFEST_SCHEMA_V3_CANDIDATE2_20260812","V0LV_UNSEEN_VALIDATION_V2_CANDIDATE2_20260812","not_applicable","v0lv_07_A_03","v0lv_07","multiFSYNC","A","A",3,82620703,"v0lv_07_core_03",TRUE,"v0lv_07__A__82620703","random",0,"c(1,1.9,100)",99,"strict_practical_stop_or_maximum_200_T1",200,TRUE,4,"maximum_eligible_ordinary_T1_ELBO",FALSE,FALSE,"observation_only",FALSE,FALSE,FALSE,FALSE,FALSE
"V0LV_MANIFEST_SCHEMA_V3_CANDIDATE2_20260812","V0LV_UNSEEN_VALIDATION_V2_CANDIDATE2_20260812","not_applicable","v0lv_07_A_04","v0lv_07","multiFSYNC","A","A",4,82620704,"v0lv_07_core_04",TRUE,"v0lv_07__A__82620704","random",0,"c(1,1.9,100)",99,"strict_practical_stop_or_maximum_200_T1",200,TRUE,4,"maximum_eligible_ordinary_T1_ELBO",FALSE,FALSE,"observation_only",FALSE,FALSE,FALSE,FALSE,FALSE
"V0LV_MANIFEST_SCHEMA_V3_CANDIDATE2_20260812","V0LV_UNSEEN_VALIDATION_V2_CANDIDATE2_20260812","R_ONLY_MULTISTART_V3_CANDIDATE2_20260812","v0lv_07_R_01","v0lv_07","multiFSYNC","R","random__pre1__anneal_default",1,82620701,"v0lv_07_core_01",TRUE,"v0lv_07__R__82620701","random",1,"c(1,1.9,100)",99,"strict_practical_stop_or_maximum_200_T1",200,TRUE,12,"maximum_eligible_ordinary_T1_ELBO",FALSE,TRUE,"observation_only",FALSE,FALSE,FALSE,FALSE,FALSE
"V0LV_MANIFEST_SCHEMA_V3_CANDIDATE2_20260812","V0LV_UNSEEN_VALIDATION_V2_CANDIDATE2_20260812","R_ONLY_MULTISTART_V3_CANDIDATE2_20260812","v0lv_07_R_02","v0lv_07","multiFSYNC","R","random__pre1__anneal_default",2,82620702,"v0lv_07_core_02",TRUE,"v0lv_07__R__82620702","random",1,"c(1,1.9,100)",99,"strict_practical_stop_or_maximum_200_T1",200,TRUE,12,"maximum_eligible_ordinary_T1_ELBO",FALSE,TRUE,"observation_only",FALSE,FALSE,FALSE,FALSE,FALSE
"V0LV_MANIFEST_SCHEMA_V3_CANDIDATE2_20260812","V0LV_UNSEEN_VALIDATION_V2_CANDIDATE2_20260812","R_ONLY_MULTISTART_V3_CANDIDATE2_20260812","v0lv_07_R_03","v0lv_07","multiFSYNC","R","random__pre1__anneal_default",3,82620703,"v0lv_07_core_03",TRUE,"v0lv_07__R__82620703","random",1,"c(1,1.9,100)",99,"strict_practical_stop_or_maximum_200_T1",200,TRUE,12,"maximum_eligible_ordinary_T1_ELBO",FALSE,TRUE,"observation_only",FALSE,FALSE,FALSE,FALSE,FALSE
"V0LV_MANIFEST_SCHEMA_V3_CANDIDATE2_20260812","V0LV_UNSEEN_VALIDATION_V2_CANDIDATE2_20260812","R_ONLY_MULTISTART_V3_CANDIDATE2_20260812","v0lv_07_R_04","v0lv_07","multiFSYNC","R","random__pre1__anneal_default",4,82620704,"v0lv_07_core_04",TRUE,"v0lv_07__R__82620704","random",1,"c(1,1.9,100)",99,"strict_practical_stop_or_maximum_200_T1",200,TRUE,12,"maximum_eligible_ordinary_T1_ELBO",FALSE,TRUE,"observation_only",FALSE,FALSE,FALSE,FALSE,FALSE
"V0LV_MANIFEST_SCHEMA_V3_CANDIDATE2_20260812","V0LV_UNSEEN_VALIDATION_V2_CANDIDATE2_20260812","R_ONLY_MULTISTART_V3_CANDIDATE2_20260812","v0lv_07_R_05","v0lv_07","multiFSYNC","R","random__pre1__anneal_default",5,82620705,"none",FALSE,"v0lv_07__R__82620705","random",1,"c(1,1.9,100)",99,"strict_practical_stop_or_maximum_200_T1",200,TRUE,12,"maximum_eligible_ordinary_T1_ELBO",FALSE,TRUE,"observation_only",FALSE,FALSE,FALSE,FALSE,FALSE
"V0LV_MANIFEST_SCHEMA_V3_CANDIDATE2_20260812","V0LV_UNSEEN_VALIDATION_V2_CANDIDATE2_20260812","R_ONLY_MULTISTART_V3_CANDIDATE2_20260812","v0lv_07_R_06","v0lv_07","multiFSYNC","R","random__pre1__anneal_default",6,82620706,"none",FALSE,"v0lv_07__R__82620706","random",1,"c(1,1.9,100)",99,"strict_practical_stop_or_maximum_200_T1",200,TRUE,12,"maximum_eligible_ordinary_T1_ELBO",FALSE,TRUE,"observation_only",FALSE,FALSE,FALSE,FALSE,FALSE
"V0LV_MANIFEST_SCHEMA_V3_CANDIDATE2_20260812","V0LV_UNSEEN_VALIDATION_V2_CANDIDATE2_20260812","R_ONLY_MULTISTART_V3_CANDIDATE2_20260812","v0lv_07_R_07","v0lv_07","multiFSYNC","R","random__pre1__anneal_default",7,82620707,"none",FALSE,"v0lv_07__R__82620707","random",1,"c(1,1.9,100)",99,"strict_practical_stop_or_maximum_200_T1",200,TRUE,12,"maximum_eligible_ordinary_T1_ELBO",FALSE,TRUE,"observation_only",FALSE,FALSE,FALSE,FALSE,FALSE
"V0LV_MANIFEST_SCHEMA_V3_CANDIDATE2_20260812","V0LV_UNSEEN_VALIDATION_V2_CANDIDATE2_20260812","R_ONLY_MULTISTART_V3_CANDIDATE2_20260812","v0lv_07_R_08","v0lv_07","multiFSYNC","R","random__pre1__anneal_default",8,82620708,"none",FALSE,"v0lv_07__R__82620708","random",1,"c(1,1.9,100)",99,"strict_practical_stop_or_maximum_200_T1",200,TRUE,12,"maximum_eligible_ordinary_T1_ELBO",FALSE,TRUE,"observation_only",FALSE,FALSE,FALSE,FALSE,FALSE
"V0LV_MANIFEST_SCHEMA_V3_CANDIDATE2_20260812","V0LV_UNSEEN_VALIDATION_V2_CANDIDATE2_20260812","R_ONLY_MULTISTART_V3_CANDIDATE2_20260812","v0lv_07_R_09","v0lv_07","multiFSYNC","R","random__pre1__anneal_default",9,82620709,"none",FALSE,"v0lv_07__R__82620709","random",1,"c(1,1.9,100)",99,"strict_practical_stop_or_maximum_200_T1",200,TRUE,12,"maximum_eligible_ordinary_T1_ELBO",FALSE,TRUE,"observation_only",FALSE,FALSE,FALSE,FALSE,FALSE
"V0LV_MANIFEST_SCHEMA_V3_CANDIDATE2_20260812","V0LV_UNSEEN_VALIDATION_V2_CANDIDATE2_20260812","R_ONLY_MULTISTART_V3_CANDIDATE2_20260812","v0lv_07_R_10","v0lv_07","multiFSYNC","R","random__pre1__anneal_default",10,82620710,"none",FALSE,"v0lv_07__R__82620710","random",1,"c(1,1.9,100)",99,"strict_practical_stop_or_maximum_200_T1",200,TRUE,12,"maximum_eligible_ordinary_T1_ELBO",FALSE,TRUE,"observation_only",FALSE,FALSE,FALSE,FALSE,FALSE
"V0LV_MANIFEST_SCHEMA_V3_CANDIDATE2_20260812","V0LV_UNSEEN_VALIDATION_V2_CANDIDATE2_20260812","R_ONLY_MULTISTART_V3_CANDIDATE2_20260812","v0lv_07_R_11","v0lv_07","multiFSYNC","R","random__pre1__anneal_default",11,82620711,"none",FALSE,"v0lv_07__R__82620711","random",1,"c(1,1.9,100)",99,"strict_practical_stop_or_maximum_200_T1",200,TRUE,12,"maximum_eligible_ordinary_T1_ELBO",FALSE,TRUE,"observation_only",FALSE,FALSE,FALSE,FALSE,FALSE
"V0LV_MANIFEST_SCHEMA_V3_CANDIDATE2_20260812","V0LV_UNSEEN_VALIDATION_V2_CANDIDATE2_20260812","R_ONLY_MULTISTART_V3_CANDIDATE2_20260812","v0lv_07_R_12","v0lv_07","multiFSYNC","R","random__pre1__anneal_default",12,82620712,"none",FALSE,"v0lv_07__R__82620712","random",1,"c(1,1.9,100)",99,"strict_practical_stop_or_maximum_200_T1",200,TRUE,12,"maximum_eligible_ordinary_T1_ELBO",FALSE,TRUE,"observation_only",FALSE,FALSE,FALSE,FALSE,FALSE
"V0LV_MANIFEST_SCHEMA_V3_CANDIDATE2_20260812","V0LV_UNSEEN_VALIDATION_V2_CANDIDATE2_20260812","not_applicable","v0lv_07_pooled_bayesSYNC_01","v0lv_07","bayesSYNC_reference","pooled_bayesSYNC","pooled_bayesSYNC",1,82630007,"none",FALSE,"v0lv_07__pooled_bayesSYNC__82630007","random",0,"c(1,1.9,100)",99,"reference_ELBO_stop_or_maxit299",200,TRUE,1,"single_preregistered_endpoint",FALSE,FALSE,"observation_only",FALSE,FALSE,FALSE,FALSE,FALSE
"V0LV_MANIFEST_SCHEMA_V3_CANDIDATE2_20260812","V0LV_UNSEEN_VALIDATION_V2_CANDIDATE2_20260812","not_applicable","v0lv_08_B0_01","v0lv_08","multiFSYNC","B0","B0",1,82620801,"v0lv_08_core_01",TRUE,"v0lv_08__B0__82620801","random",0,"none",0,"strict_practical_stop_or_maximum_200_T1",200,TRUE,4,"maximum_eligible_ordinary_T1_ELBO",FALSE,FALSE,"observation_only",FALSE,FALSE,FALSE,FALSE,FALSE
"V0LV_MANIFEST_SCHEMA_V3_CANDIDATE2_20260812","V0LV_UNSEEN_VALIDATION_V2_CANDIDATE2_20260812","not_applicable","v0lv_08_B0_02","v0lv_08","multiFSYNC","B0","B0",2,82620802,"v0lv_08_core_02",TRUE,"v0lv_08__B0__82620802","random",0,"none",0,"strict_practical_stop_or_maximum_200_T1",200,TRUE,4,"maximum_eligible_ordinary_T1_ELBO",FALSE,FALSE,"observation_only",FALSE,FALSE,FALSE,FALSE,FALSE
"V0LV_MANIFEST_SCHEMA_V3_CANDIDATE2_20260812","V0LV_UNSEEN_VALIDATION_V2_CANDIDATE2_20260812","not_applicable","v0lv_08_B0_03","v0lv_08","multiFSYNC","B0","B0",3,82620803,"v0lv_08_core_03",TRUE,"v0lv_08__B0__82620803","random",0,"none",0,"strict_practical_stop_or_maximum_200_T1",200,TRUE,4,"maximum_eligible_ordinary_T1_ELBO",FALSE,FALSE,"observation_only",FALSE,FALSE,FALSE,FALSE,FALSE
"V0LV_MANIFEST_SCHEMA_V3_CANDIDATE2_20260812","V0LV_UNSEEN_VALIDATION_V2_CANDIDATE2_20260812","not_applicable","v0lv_08_B0_04","v0lv_08","multiFSYNC","B0","B0",4,82620804,"v0lv_08_core_04",TRUE,"v0lv_08__B0__82620804","random",0,"none",0,"strict_practical_stop_or_maximum_200_T1",200,TRUE,4,"maximum_eligible_ordinary_T1_ELBO",FALSE,FALSE,"observation_only",FALSE,FALSE,FALSE,FALSE,FALSE
"V0LV_MANIFEST_SCHEMA_V3_CANDIDATE2_20260812","V0LV_UNSEEN_VALIDATION_V2_CANDIDATE2_20260812","not_applicable","v0lv_08_A_01","v0lv_08","multiFSYNC","A","A",1,82620801,"v0lv_08_core_01",TRUE,"v0lv_08__A__82620801","random",0,"c(1,1.9,100)",99,"strict_practical_stop_or_maximum_200_T1",200,TRUE,4,"maximum_eligible_ordinary_T1_ELBO",FALSE,FALSE,"observation_only",FALSE,FALSE,FALSE,FALSE,FALSE
"V0LV_MANIFEST_SCHEMA_V3_CANDIDATE2_20260812","V0LV_UNSEEN_VALIDATION_V2_CANDIDATE2_20260812","not_applicable","v0lv_08_A_02","v0lv_08","multiFSYNC","A","A",2,82620802,"v0lv_08_core_02",TRUE,"v0lv_08__A__82620802","random",0,"c(1,1.9,100)",99,"strict_practical_stop_or_maximum_200_T1",200,TRUE,4,"maximum_eligible_ordinary_T1_ELBO",FALSE,FALSE,"observation_only",FALSE,FALSE,FALSE,FALSE,FALSE
"V0LV_MANIFEST_SCHEMA_V3_CANDIDATE2_20260812","V0LV_UNSEEN_VALIDATION_V2_CANDIDATE2_20260812","not_applicable","v0lv_08_A_03","v0lv_08","multiFSYNC","A","A",3,82620803,"v0lv_08_core_03",TRUE,"v0lv_08__A__82620803","random",0,"c(1,1.9,100)",99,"strict_practical_stop_or_maximum_200_T1",200,TRUE,4,"maximum_eligible_ordinary_T1_ELBO",FALSE,FALSE,"observation_only",FALSE,FALSE,FALSE,FALSE,FALSE
"V0LV_MANIFEST_SCHEMA_V3_CANDIDATE2_20260812","V0LV_UNSEEN_VALIDATION_V2_CANDIDATE2_20260812","not_applicable","v0lv_08_A_04","v0lv_08","multiFSYNC","A","A",4,82620804,"v0lv_08_core_04",TRUE,"v0lv_08__A__82620804","random",0,"c(1,1.9,100)",99,"strict_practical_stop_or_maximum_200_T1",200,TRUE,4,"maximum_eligible_ordinary_T1_ELBO",FALSE,FALSE,"observation_only",FALSE,FALSE,FALSE,FALSE,FALSE
"V0LV_MANIFEST_SCHEMA_V3_CANDIDATE2_20260812","V0LV_UNSEEN_VALIDATION_V2_CANDIDATE2_20260812","R_ONLY_MULTISTART_V3_CANDIDATE2_20260812","v0lv_08_R_01","v0lv_08","multiFSYNC","R","random__pre1__anneal_default",1,82620801,"v0lv_08_core_01",TRUE,"v0lv_08__R__82620801","random",1,"c(1,1.9,100)",99,"strict_practical_stop_or_maximum_200_T1",200,TRUE,12,"maximum_eligible_ordinary_T1_ELBO",FALSE,TRUE,"observation_only",FALSE,FALSE,FALSE,FALSE,FALSE
"V0LV_MANIFEST_SCHEMA_V3_CANDIDATE2_20260812","V0LV_UNSEEN_VALIDATION_V2_CANDIDATE2_20260812","R_ONLY_MULTISTART_V3_CANDIDATE2_20260812","v0lv_08_R_02","v0lv_08","multiFSYNC","R","random__pre1__anneal_default",2,82620802,"v0lv_08_core_02",TRUE,"v0lv_08__R__82620802","random",1,"c(1,1.9,100)",99,"strict_practical_stop_or_maximum_200_T1",200,TRUE,12,"maximum_eligible_ordinary_T1_ELBO",FALSE,TRUE,"observation_only",FALSE,FALSE,FALSE,FALSE,FALSE
"V0LV_MANIFEST_SCHEMA_V3_CANDIDATE2_20260812","V0LV_UNSEEN_VALIDATION_V2_CANDIDATE2_20260812","R_ONLY_MULTISTART_V3_CANDIDATE2_20260812","v0lv_08_R_03","v0lv_08","multiFSYNC","R","random__pre1__anneal_default",3,82620803,"v0lv_08_core_03",TRUE,"v0lv_08__R__82620803","random",1,"c(1,1.9,100)",99,"strict_practical_stop_or_maximum_200_T1",200,TRUE,12,"maximum_eligible_ordinary_T1_ELBO",FALSE,TRUE,"observation_only",FALSE,FALSE,FALSE,FALSE,FALSE
"V0LV_MANIFEST_SCHEMA_V3_CANDIDATE2_20260812","V0LV_UNSEEN_VALIDATION_V2_CANDIDATE2_20260812","R_ONLY_MULTISTART_V3_CANDIDATE2_20260812","v0lv_08_R_04","v0lv_08","multiFSYNC","R","random__pre1__anneal_default",4,82620804,"v0lv_08_core_04",TRUE,"v0lv_08__R__82620804","random",1,"c(1,1.9,100)",99,"strict_practical_stop_or_maximum_200_T1",200,TRUE,12,"maximum_eligible_ordinary_T1_ELBO",FALSE,TRUE,"observation_only",FALSE,FALSE,FALSE,FALSE,FALSE
"V0LV_MANIFEST_SCHEMA_V3_CANDIDATE2_20260812","V0LV_UNSEEN_VALIDATION_V2_CANDIDATE2_20260812","R_ONLY_MULTISTART_V3_CANDIDATE2_20260812","v0lv_08_R_05","v0lv_08","multiFSYNC","R","random__pre1__anneal_default",5,82620805,"none",FALSE,"v0lv_08__R__82620805","random",1,"c(1,1.9,100)",99,"strict_practical_stop_or_maximum_200_T1",200,TRUE,12,"maximum_eligible_ordinary_T1_ELBO",FALSE,TRUE,"observation_only",FALSE,FALSE,FALSE,FALSE,FALSE
"V0LV_MANIFEST_SCHEMA_V3_CANDIDATE2_20260812","V0LV_UNSEEN_VALIDATION_V2_CANDIDATE2_20260812","R_ONLY_MULTISTART_V3_CANDIDATE2_20260812","v0lv_08_R_06","v0lv_08","multiFSYNC","R","random__pre1__anneal_default",6,82620806,"none",FALSE,"v0lv_08__R__82620806","random",1,"c(1,1.9,100)",99,"strict_practical_stop_or_maximum_200_T1",200,TRUE,12,"maximum_eligible_ordinary_T1_ELBO",FALSE,TRUE,"observation_only",FALSE,FALSE,FALSE,FALSE,FALSE
"V0LV_MANIFEST_SCHEMA_V3_CANDIDATE2_20260812","V0LV_UNSEEN_VALIDATION_V2_CANDIDATE2_20260812","R_ONLY_MULTISTART_V3_CANDIDATE2_20260812","v0lv_08_R_07","v0lv_08","multiFSYNC","R","random__pre1__anneal_default",7,82620807,"none",FALSE,"v0lv_08__R__82620807","random",1,"c(1,1.9,100)",99,"strict_practical_stop_or_maximum_200_T1",200,TRUE,12,"maximum_eligible_ordinary_T1_ELBO",FALSE,TRUE,"observation_only",FALSE,FALSE,FALSE,FALSE,FALSE
"V0LV_MANIFEST_SCHEMA_V3_CANDIDATE2_20260812","V0LV_UNSEEN_VALIDATION_V2_CANDIDATE2_20260812","R_ONLY_MULTISTART_V3_CANDIDATE2_20260812","v0lv_08_R_08","v0lv_08","multiFSYNC","R","random__pre1__anneal_default",8,82620808,"none",FALSE,"v0lv_08__R__82620808","random",1,"c(1,1.9,100)",99,"strict_practical_stop_or_maximum_200_T1",200,TRUE,12,"maximum_eligible_ordinary_T1_ELBO",FALSE,TRUE,"observation_only",FALSE,FALSE,FALSE,FALSE,FALSE
"V0LV_MANIFEST_SCHEMA_V3_CANDIDATE2_20260812","V0LV_UNSEEN_VALIDATION_V2_CANDIDATE2_20260812","R_ONLY_MULTISTART_V3_CANDIDATE2_20260812","v0lv_08_R_09","v0lv_08","multiFSYNC","R","random__pre1__anneal_default",9,82620809,"none",FALSE,"v0lv_08__R__82620809","random",1,"c(1,1.9,100)",99,"strict_practical_stop_or_maximum_200_T1",200,TRUE,12,"maximum_eligible_ordinary_T1_ELBO",FALSE,TRUE,"observation_only",FALSE,FALSE,FALSE,FALSE,FALSE
"V0LV_MANIFEST_SCHEMA_V3_CANDIDATE2_20260812","V0LV_UNSEEN_VALIDATION_V2_CANDIDATE2_20260812","R_ONLY_MULTISTART_V3_CANDIDATE2_20260812","v0lv_08_R_10","v0lv_08","multiFSYNC","R","random__pre1__anneal_default",10,82620810,"none",FALSE,"v0lv_08__R__82620810","random",1,"c(1,1.9,100)",99,"strict_practical_stop_or_maximum_200_T1",200,TRUE,12,"maximum_eligible_ordinary_T1_ELBO",FALSE,TRUE,"observation_only",FALSE,FALSE,FALSE,FALSE,FALSE
"V0LV_MANIFEST_SCHEMA_V3_CANDIDATE2_20260812","V0LV_UNSEEN_VALIDATION_V2_CANDIDATE2_20260812","R_ONLY_MULTISTART_V3_CANDIDATE2_20260812","v0lv_08_R_11","v0lv_08","multiFSYNC","R","random__pre1__anneal_default",11,82620811,"none",FALSE,"v0lv_08__R__82620811","random",1,"c(1,1.9,100)",99,"strict_practical_stop_or_maximum_200_T1",200,TRUE,12,"maximum_eligible_ordinary_T1_ELBO",FALSE,TRUE,"observation_only",FALSE,FALSE,FALSE,FALSE,FALSE
"V0LV_MANIFEST_SCHEMA_V3_CANDIDATE2_20260812","V0LV_UNSEEN_VALIDATION_V2_CANDIDATE2_20260812","R_ONLY_MULTISTART_V3_CANDIDATE2_20260812","v0lv_08_R_12","v0lv_08","multiFSYNC","R","random__pre1__anneal_default",12,82620812,"none",FALSE,"v0lv_08__R__82620812","random",1,"c(1,1.9,100)",99,"strict_practical_stop_or_maximum_200_T1",200,TRUE,12,"maximum_eligible_ordinary_T1_ELBO",FALSE,TRUE,"observation_only",FALSE,FALSE,FALSE,FALSE,FALSE
"V0LV_MANIFEST_SCHEMA_V3_CANDIDATE2_20260812","V0LV_UNSEEN_VALIDATION_V2_CANDIDATE2_20260812","not_applicable","v0lv_08_pooled_bayesSYNC_01","v0lv_08","bayesSYNC_reference","pooled_bayesSYNC","pooled_bayesSYNC",1,82630008,"none",FALSE,"v0lv_08__pooled_bayesSYNC__82630008","random",0,"c(1,1.9,100)",99,"reference_ELBO_stop_or_maxit299",200,TRUE,1,"single_preregistered_endpoint",FALSE,FALSE,"observation_only",FALSE,FALSE,FALSE,FALSE,FALSE
"V0LV_MANIFEST_SCHEMA_V3_CANDIDATE2_20260812","V0LV_UNSEEN_VALIDATION_V2_CANDIDATE2_20260812","not_applicable","v0lv_09_B0_01","v0lv_09","multiFSYNC","B0","B0",1,82620901,"v0lv_09_core_01",TRUE,"v0lv_09__B0__82620901","random",0,"none",0,"strict_practical_stop_or_maximum_200_T1",200,TRUE,4,"maximum_eligible_ordinary_T1_ELBO",FALSE,FALSE,"observation_only",FALSE,FALSE,FALSE,FALSE,FALSE
"V0LV_MANIFEST_SCHEMA_V3_CANDIDATE2_20260812","V0LV_UNSEEN_VALIDATION_V2_CANDIDATE2_20260812","not_applicable","v0lv_09_B0_02","v0lv_09","multiFSYNC","B0","B0",2,82620902,"v0lv_09_core_02",TRUE,"v0lv_09__B0__82620902","random",0,"none",0,"strict_practical_stop_or_maximum_200_T1",200,TRUE,4,"maximum_eligible_ordinary_T1_ELBO",FALSE,FALSE,"observation_only",FALSE,FALSE,FALSE,FALSE,FALSE
"V0LV_MANIFEST_SCHEMA_V3_CANDIDATE2_20260812","V0LV_UNSEEN_VALIDATION_V2_CANDIDATE2_20260812","not_applicable","v0lv_09_B0_03","v0lv_09","multiFSYNC","B0","B0",3,82620903,"v0lv_09_core_03",TRUE,"v0lv_09__B0__82620903","random",0,"none",0,"strict_practical_stop_or_maximum_200_T1",200,TRUE,4,"maximum_eligible_ordinary_T1_ELBO",FALSE,FALSE,"observation_only",FALSE,FALSE,FALSE,FALSE,FALSE
"V0LV_MANIFEST_SCHEMA_V3_CANDIDATE2_20260812","V0LV_UNSEEN_VALIDATION_V2_CANDIDATE2_20260812","not_applicable","v0lv_09_B0_04","v0lv_09","multiFSYNC","B0","B0",4,82620904,"v0lv_09_core_04",TRUE,"v0lv_09__B0__82620904","random",0,"none",0,"strict_practical_stop_or_maximum_200_T1",200,TRUE,4,"maximum_eligible_ordinary_T1_ELBO",FALSE,FALSE,"observation_only",FALSE,FALSE,FALSE,FALSE,FALSE
"V0LV_MANIFEST_SCHEMA_V3_CANDIDATE2_20260812","V0LV_UNSEEN_VALIDATION_V2_CANDIDATE2_20260812","not_applicable","v0lv_09_A_01","v0lv_09","multiFSYNC","A","A",1,82620901,"v0lv_09_core_01",TRUE,"v0lv_09__A__82620901","random",0,"c(1,1.9,100)",99,"strict_practical_stop_or_maximum_200_T1",200,TRUE,4,"maximum_eligible_ordinary_T1_ELBO",FALSE,FALSE,"observation_only",FALSE,FALSE,FALSE,FALSE,FALSE
"V0LV_MANIFEST_SCHEMA_V3_CANDIDATE2_20260812","V0LV_UNSEEN_VALIDATION_V2_CANDIDATE2_20260812","not_applicable","v0lv_09_A_02","v0lv_09","multiFSYNC","A","A",2,82620902,"v0lv_09_core_02",TRUE,"v0lv_09__A__82620902","random",0,"c(1,1.9,100)",99,"strict_practical_stop_or_maximum_200_T1",200,TRUE,4,"maximum_eligible_ordinary_T1_ELBO",FALSE,FALSE,"observation_only",FALSE,FALSE,FALSE,FALSE,FALSE
"V0LV_MANIFEST_SCHEMA_V3_CANDIDATE2_20260812","V0LV_UNSEEN_VALIDATION_V2_CANDIDATE2_20260812","not_applicable","v0lv_09_A_03","v0lv_09","multiFSYNC","A","A",3,82620903,"v0lv_09_core_03",TRUE,"v0lv_09__A__82620903","random",0,"c(1,1.9,100)",99,"strict_practical_stop_or_maximum_200_T1",200,TRUE,4,"maximum_eligible_ordinary_T1_ELBO",FALSE,FALSE,"observation_only",FALSE,FALSE,FALSE,FALSE,FALSE
"V0LV_MANIFEST_SCHEMA_V3_CANDIDATE2_20260812","V0LV_UNSEEN_VALIDATION_V2_CANDIDATE2_20260812","not_applicable","v0lv_09_A_04","v0lv_09","multiFSYNC","A","A",4,82620904,"v0lv_09_core_04",TRUE,"v0lv_09__A__82620904","random",0,"c(1,1.9,100)",99,"strict_practical_stop_or_maximum_200_T1",200,TRUE,4,"maximum_eligible_ordinary_T1_ELBO",FALSE,FALSE,"observation_only",FALSE,FALSE,FALSE,FALSE,FALSE
"V0LV_MANIFEST_SCHEMA_V3_CANDIDATE2_20260812","V0LV_UNSEEN_VALIDATION_V2_CANDIDATE2_20260812","R_ONLY_MULTISTART_V3_CANDIDATE2_20260812","v0lv_09_R_01","v0lv_09","multiFSYNC","R","random__pre1__anneal_default",1,82620901,"v0lv_09_core_01",TRUE,"v0lv_09__R__82620901","random",1,"c(1,1.9,100)",99,"strict_practical_stop_or_maximum_200_T1",200,TRUE,12,"maximum_eligible_ordinary_T1_ELBO",FALSE,TRUE,"observation_only",FALSE,FALSE,FALSE,FALSE,FALSE
"V0LV_MANIFEST_SCHEMA_V3_CANDIDATE2_20260812","V0LV_UNSEEN_VALIDATION_V2_CANDIDATE2_20260812","R_ONLY_MULTISTART_V3_CANDIDATE2_20260812","v0lv_09_R_02","v0lv_09","multiFSYNC","R","random__pre1__anneal_default",2,82620902,"v0lv_09_core_02",TRUE,"v0lv_09__R__82620902","random",1,"c(1,1.9,100)",99,"strict_practical_stop_or_maximum_200_T1",200,TRUE,12,"maximum_eligible_ordinary_T1_ELBO",FALSE,TRUE,"observation_only",FALSE,FALSE,FALSE,FALSE,FALSE
"V0LV_MANIFEST_SCHEMA_V3_CANDIDATE2_20260812","V0LV_UNSEEN_VALIDATION_V2_CANDIDATE2_20260812","R_ONLY_MULTISTART_V3_CANDIDATE2_20260812","v0lv_09_R_03","v0lv_09","multiFSYNC","R","random__pre1__anneal_default",3,82620903,"v0lv_09_core_03",TRUE,"v0lv_09__R__82620903","random",1,"c(1,1.9,100)",99,"strict_practical_stop_or_maximum_200_T1",200,TRUE,12,"maximum_eligible_ordinary_T1_ELBO",FALSE,TRUE,"observation_only",FALSE,FALSE,FALSE,FALSE,FALSE
"V0LV_MANIFEST_SCHEMA_V3_CANDIDATE2_20260812","V0LV_UNSEEN_VALIDATION_V2_CANDIDATE2_20260812","R_ONLY_MULTISTART_V3_CANDIDATE2_20260812","v0lv_09_R_04","v0lv_09","multiFSYNC","R","random__pre1__anneal_default",4,82620904,"v0lv_09_core_04",TRUE,"v0lv_09__R__82620904","random",1,"c(1,1.9,100)",99,"strict_practical_stop_or_maximum_200_T1",200,TRUE,12,"maximum_eligible_ordinary_T1_ELBO",FALSE,TRUE,"observation_only",FALSE,FALSE,FALSE,FALSE,FALSE
"V0LV_MANIFEST_SCHEMA_V3_CANDIDATE2_20260812","V0LV_UNSEEN_VALIDATION_V2_CANDIDATE2_20260812","R_ONLY_MULTISTART_V3_CANDIDATE2_20260812","v0lv_09_R_05","v0lv_09","multiFSYNC","R","random__pre1__anneal_default",5,82620905,"none",FALSE,"v0lv_09__R__82620905","random",1,"c(1,1.9,100)",99,"strict_practical_stop_or_maximum_200_T1",200,TRUE,12,"maximum_eligible_ordinary_T1_ELBO",FALSE,TRUE,"observation_only",FALSE,FALSE,FALSE,FALSE,FALSE
"V0LV_MANIFEST_SCHEMA_V3_CANDIDATE2_20260812","V0LV_UNSEEN_VALIDATION_V2_CANDIDATE2_20260812","R_ONLY_MULTISTART_V3_CANDIDATE2_20260812","v0lv_09_R_06","v0lv_09","multiFSYNC","R","random__pre1__anneal_default",6,82620906,"none",FALSE,"v0lv_09__R__82620906","random",1,"c(1,1.9,100)",99,"strict_practical_stop_or_maximum_200_T1",200,TRUE,12,"maximum_eligible_ordinary_T1_ELBO",FALSE,TRUE,"observation_only",FALSE,FALSE,FALSE,FALSE,FALSE
"V0LV_MANIFEST_SCHEMA_V3_CANDIDATE2_20260812","V0LV_UNSEEN_VALIDATION_V2_CANDIDATE2_20260812","R_ONLY_MULTISTART_V3_CANDIDATE2_20260812","v0lv_09_R_07","v0lv_09","multiFSYNC","R","random__pre1__anneal_default",7,82620907,"none",FALSE,"v0lv_09__R__82620907","random",1,"c(1,1.9,100)",99,"strict_practical_stop_or_maximum_200_T1",200,TRUE,12,"maximum_eligible_ordinary_T1_ELBO",FALSE,TRUE,"observation_only",FALSE,FALSE,FALSE,FALSE,FALSE
"V0LV_MANIFEST_SCHEMA_V3_CANDIDATE2_20260812","V0LV_UNSEEN_VALIDATION_V2_CANDIDATE2_20260812","R_ONLY_MULTISTART_V3_CANDIDATE2_20260812","v0lv_09_R_08","v0lv_09","multiFSYNC","R","random__pre1__anneal_default",8,82620908,"none",FALSE,"v0lv_09__R__82620908","random",1,"c(1,1.9,100)",99,"strict_practical_stop_or_maximum_200_T1",200,TRUE,12,"maximum_eligible_ordinary_T1_ELBO",FALSE,TRUE,"observation_only",FALSE,FALSE,FALSE,FALSE,FALSE
"V0LV_MANIFEST_SCHEMA_V3_CANDIDATE2_20260812","V0LV_UNSEEN_VALIDATION_V2_CANDIDATE2_20260812","R_ONLY_MULTISTART_V3_CANDIDATE2_20260812","v0lv_09_R_09","v0lv_09","multiFSYNC","R","random__pre1__anneal_default",9,82620909,"none",FALSE,"v0lv_09__R__82620909","random",1,"c(1,1.9,100)",99,"strict_practical_stop_or_maximum_200_T1",200,TRUE,12,"maximum_eligible_ordinary_T1_ELBO",FALSE,TRUE,"observation_only",FALSE,FALSE,FALSE,FALSE,FALSE
"V0LV_MANIFEST_SCHEMA_V3_CANDIDATE2_20260812","V0LV_UNSEEN_VALIDATION_V2_CANDIDATE2_20260812","R_ONLY_MULTISTART_V3_CANDIDATE2_20260812","v0lv_09_R_10","v0lv_09","multiFSYNC","R","random__pre1__anneal_default",10,82620910,"none",FALSE,"v0lv_09__R__82620910","random",1,"c(1,1.9,100)",99,"strict_practical_stop_or_maximum_200_T1",200,TRUE,12,"maximum_eligible_ordinary_T1_ELBO",FALSE,TRUE,"observation_only",FALSE,FALSE,FALSE,FALSE,FALSE
"V0LV_MANIFEST_SCHEMA_V3_CANDIDATE2_20260812","V0LV_UNSEEN_VALIDATION_V2_CANDIDATE2_20260812","R_ONLY_MULTISTART_V3_CANDIDATE2_20260812","v0lv_09_R_11","v0lv_09","multiFSYNC","R","random__pre1__anneal_default",11,82620911,"none",FALSE,"v0lv_09__R__82620911","random",1,"c(1,1.9,100)",99,"strict_practical_stop_or_maximum_200_T1",200,TRUE,12,"maximum_eligible_ordinary_T1_ELBO",FALSE,TRUE,"observation_only",FALSE,FALSE,FALSE,FALSE,FALSE
"V0LV_MANIFEST_SCHEMA_V3_CANDIDATE2_20260812","V0LV_UNSEEN_VALIDATION_V2_CANDIDATE2_20260812","R_ONLY_MULTISTART_V3_CANDIDATE2_20260812","v0lv_09_R_12","v0lv_09","multiFSYNC","R","random__pre1__anneal_default",12,82620912,"none",FALSE,"v0lv_09__R__82620912","random",1,"c(1,1.9,100)",99,"strict_practical_stop_or_maximum_200_T1",200,TRUE,12,"maximum_eligible_ordinary_T1_ELBO",FALSE,TRUE,"observation_only",FALSE,FALSE,FALSE,FALSE,FALSE
"V0LV_MANIFEST_SCHEMA_V3_CANDIDATE2_20260812","V0LV_UNSEEN_VALIDATION_V2_CANDIDATE2_20260812","not_applicable","v0lv_09_pooled_bayesSYNC_01","v0lv_09","bayesSYNC_reference","pooled_bayesSYNC","pooled_bayesSYNC",1,82630009,"none",FALSE,"v0lv_09__pooled_bayesSYNC__82630009","random",0,"c(1,1.9,100)",99,"reference_ELBO_stop_or_maxit299",200,TRUE,1,"single_preregistered_endpoint",FALSE,FALSE,"observation_only",FALSE,FALSE,FALSE,FALSE,FALSE
"V0LV_MANIFEST_SCHEMA_V3_CANDIDATE2_20260812","V0LV_UNSEEN_VALIDATION_V2_CANDIDATE2_20260812","not_applicable","v0lv_10_B0_01","v0lv_10","multiFSYNC","B0","B0",1,82621001,"v0lv_10_core_01",TRUE,"v0lv_10__B0__82621001","random",0,"none",0,"strict_practical_stop_or_maximum_200_T1",200,TRUE,4,"maximum_eligible_ordinary_T1_ELBO",FALSE,FALSE,"observation_only",FALSE,FALSE,FALSE,FALSE,FALSE
"V0LV_MANIFEST_SCHEMA_V3_CANDIDATE2_20260812","V0LV_UNSEEN_VALIDATION_V2_CANDIDATE2_20260812","not_applicable","v0lv_10_B0_02","v0lv_10","multiFSYNC","B0","B0",2,82621002,"v0lv_10_core_02",TRUE,"v0lv_10__B0__82621002","random",0,"none",0,"strict_practical_stop_or_maximum_200_T1",200,TRUE,4,"maximum_eligible_ordinary_T1_ELBO",FALSE,FALSE,"observation_only",FALSE,FALSE,FALSE,FALSE,FALSE
"V0LV_MANIFEST_SCHEMA_V3_CANDIDATE2_20260812","V0LV_UNSEEN_VALIDATION_V2_CANDIDATE2_20260812","not_applicable","v0lv_10_B0_03","v0lv_10","multiFSYNC","B0","B0",3,82621003,"v0lv_10_core_03",TRUE,"v0lv_10__B0__82621003","random",0,"none",0,"strict_practical_stop_or_maximum_200_T1",200,TRUE,4,"maximum_eligible_ordinary_T1_ELBO",FALSE,FALSE,"observation_only",FALSE,FALSE,FALSE,FALSE,FALSE
"V0LV_MANIFEST_SCHEMA_V3_CANDIDATE2_20260812","V0LV_UNSEEN_VALIDATION_V2_CANDIDATE2_20260812","not_applicable","v0lv_10_B0_04","v0lv_10","multiFSYNC","B0","B0",4,82621004,"v0lv_10_core_04",TRUE,"v0lv_10__B0__82621004","random",0,"none",0,"strict_practical_stop_or_maximum_200_T1",200,TRUE,4,"maximum_eligible_ordinary_T1_ELBO",FALSE,FALSE,"observation_only",FALSE,FALSE,FALSE,FALSE,FALSE
"V0LV_MANIFEST_SCHEMA_V3_CANDIDATE2_20260812","V0LV_UNSEEN_VALIDATION_V2_CANDIDATE2_20260812","not_applicable","v0lv_10_A_01","v0lv_10","multiFSYNC","A","A",1,82621001,"v0lv_10_core_01",TRUE,"v0lv_10__A__82621001","random",0,"c(1,1.9,100)",99,"strict_practical_stop_or_maximum_200_T1",200,TRUE,4,"maximum_eligible_ordinary_T1_ELBO",FALSE,FALSE,"observation_only",FALSE,FALSE,FALSE,FALSE,FALSE
"V0LV_MANIFEST_SCHEMA_V3_CANDIDATE2_20260812","V0LV_UNSEEN_VALIDATION_V2_CANDIDATE2_20260812","not_applicable","v0lv_10_A_02","v0lv_10","multiFSYNC","A","A",2,82621002,"v0lv_10_core_02",TRUE,"v0lv_10__A__82621002","random",0,"c(1,1.9,100)",99,"strict_practical_stop_or_maximum_200_T1",200,TRUE,4,"maximum_eligible_ordinary_T1_ELBO",FALSE,FALSE,"observation_only",FALSE,FALSE,FALSE,FALSE,FALSE
"V0LV_MANIFEST_SCHEMA_V3_CANDIDATE2_20260812","V0LV_UNSEEN_VALIDATION_V2_CANDIDATE2_20260812","not_applicable","v0lv_10_A_03","v0lv_10","multiFSYNC","A","A",3,82621003,"v0lv_10_core_03",TRUE,"v0lv_10__A__82621003","random",0,"c(1,1.9,100)",99,"strict_practical_stop_or_maximum_200_T1",200,TRUE,4,"maximum_eligible_ordinary_T1_ELBO",FALSE,FALSE,"observation_only",FALSE,FALSE,FALSE,FALSE,FALSE
"V0LV_MANIFEST_SCHEMA_V3_CANDIDATE2_20260812","V0LV_UNSEEN_VALIDATION_V2_CANDIDATE2_20260812","not_applicable","v0lv_10_A_04","v0lv_10","multiFSYNC","A","A",4,82621004,"v0lv_10_core_04",TRUE,"v0lv_10__A__82621004","random",0,"c(1,1.9,100)",99,"strict_practical_stop_or_maximum_200_T1",200,TRUE,4,"maximum_eligible_ordinary_T1_ELBO",FALSE,FALSE,"observation_only",FALSE,FALSE,FALSE,FALSE,FALSE
"V0LV_MANIFEST_SCHEMA_V3_CANDIDATE2_20260812","V0LV_UNSEEN_VALIDATION_V2_CANDIDATE2_20260812","R_ONLY_MULTISTART_V3_CANDIDATE2_20260812","v0lv_10_R_01","v0lv_10","multiFSYNC","R","random__pre1__anneal_default",1,82621001,"v0lv_10_core_01",TRUE,"v0lv_10__R__82621001","random",1,"c(1,1.9,100)",99,"strict_practical_stop_or_maximum_200_T1",200,TRUE,12,"maximum_eligible_ordinary_T1_ELBO",FALSE,TRUE,"observation_only",FALSE,FALSE,FALSE,FALSE,FALSE
"V0LV_MANIFEST_SCHEMA_V3_CANDIDATE2_20260812","V0LV_UNSEEN_VALIDATION_V2_CANDIDATE2_20260812","R_ONLY_MULTISTART_V3_CANDIDATE2_20260812","v0lv_10_R_02","v0lv_10","multiFSYNC","R","random__pre1__anneal_default",2,82621002,"v0lv_10_core_02",TRUE,"v0lv_10__R__82621002","random",1,"c(1,1.9,100)",99,"strict_practical_stop_or_maximum_200_T1",200,TRUE,12,"maximum_eligible_ordinary_T1_ELBO",FALSE,TRUE,"observation_only",FALSE,FALSE,FALSE,FALSE,FALSE
"V0LV_MANIFEST_SCHEMA_V3_CANDIDATE2_20260812","V0LV_UNSEEN_VALIDATION_V2_CANDIDATE2_20260812","R_ONLY_MULTISTART_V3_CANDIDATE2_20260812","v0lv_10_R_03","v0lv_10","multiFSYNC","R","random__pre1__anneal_default",3,82621003,"v0lv_10_core_03",TRUE,"v0lv_10__R__82621003","random",1,"c(1,1.9,100)",99,"strict_practical_stop_or_maximum_200_T1",200,TRUE,12,"maximum_eligible_ordinary_T1_ELBO",FALSE,TRUE,"observation_only",FALSE,FALSE,FALSE,FALSE,FALSE
"V0LV_MANIFEST_SCHEMA_V3_CANDIDATE2_20260812","V0LV_UNSEEN_VALIDATION_V2_CANDIDATE2_20260812","R_ONLY_MULTISTART_V3_CANDIDATE2_20260812","v0lv_10_R_04","v0lv_10","multiFSYNC","R","random__pre1__anneal_default",4,82621004,"v0lv_10_core_04",TRUE,"v0lv_10__R__82621004","random",1,"c(1,1.9,100)",99,"strict_practical_stop_or_maximum_200_T1",200,TRUE,12,"maximum_eligible_ordinary_T1_ELBO",FALSE,TRUE,"observation_only",FALSE,FALSE,FALSE,FALSE,FALSE
"V0LV_MANIFEST_SCHEMA_V3_CANDIDATE2_20260812","V0LV_UNSEEN_VALIDATION_V2_CANDIDATE2_20260812","R_ONLY_MULTISTART_V3_CANDIDATE2_20260812","v0lv_10_R_05","v0lv_10","multiFSYNC","R","random__pre1__anneal_default",5,82621005,"none",FALSE,"v0lv_10__R__82621005","random",1,"c(1,1.9,100)",99,"strict_practical_stop_or_maximum_200_T1",200,TRUE,12,"maximum_eligible_ordinary_T1_ELBO",FALSE,TRUE,"observation_only",FALSE,FALSE,FALSE,FALSE,FALSE
"V0LV_MANIFEST_SCHEMA_V3_CANDIDATE2_20260812","V0LV_UNSEEN_VALIDATION_V2_CANDIDATE2_20260812","R_ONLY_MULTISTART_V3_CANDIDATE2_20260812","v0lv_10_R_06","v0lv_10","multiFSYNC","R","random__pre1__anneal_default",6,82621006,"none",FALSE,"v0lv_10__R__82621006","random",1,"c(1,1.9,100)",99,"strict_practical_stop_or_maximum_200_T1",200,TRUE,12,"maximum_eligible_ordinary_T1_ELBO",FALSE,TRUE,"observation_only",FALSE,FALSE,FALSE,FALSE,FALSE
"V0LV_MANIFEST_SCHEMA_V3_CANDIDATE2_20260812","V0LV_UNSEEN_VALIDATION_V2_CANDIDATE2_20260812","R_ONLY_MULTISTART_V3_CANDIDATE2_20260812","v0lv_10_R_07","v0lv_10","multiFSYNC","R","random__pre1__anneal_default",7,82621007,"none",FALSE,"v0lv_10__R__82621007","random",1,"c(1,1.9,100)",99,"strict_practical_stop_or_maximum_200_T1",200,TRUE,12,"maximum_eligible_ordinary_T1_ELBO",FALSE,TRUE,"observation_only",FALSE,FALSE,FALSE,FALSE,FALSE
"V0LV_MANIFEST_SCHEMA_V3_CANDIDATE2_20260812","V0LV_UNSEEN_VALIDATION_V2_CANDIDATE2_20260812","R_ONLY_MULTISTART_V3_CANDIDATE2_20260812","v0lv_10_R_08","v0lv_10","multiFSYNC","R","random__pre1__anneal_default",8,82621008,"none",FALSE,"v0lv_10__R__82621008","random",1,"c(1,1.9,100)",99,"strict_practical_stop_or_maximum_200_T1",200,TRUE,12,"maximum_eligible_ordinary_T1_ELBO",FALSE,TRUE,"observation_only",FALSE,FALSE,FALSE,FALSE,FALSE
"V0LV_MANIFEST_SCHEMA_V3_CANDIDATE2_20260812","V0LV_UNSEEN_VALIDATION_V2_CANDIDATE2_20260812","R_ONLY_MULTISTART_V3_CANDIDATE2_20260812","v0lv_10_R_09","v0lv_10","multiFSYNC","R","random__pre1__anneal_default",9,82621009,"none",FALSE,"v0lv_10__R__82621009","random",1,"c(1,1.9,100)",99,"strict_practical_stop_or_maximum_200_T1",200,TRUE,12,"maximum_eligible_ordinary_T1_ELBO",FALSE,TRUE,"observation_only",FALSE,FALSE,FALSE,FALSE,FALSE
"V0LV_MANIFEST_SCHEMA_V3_CANDIDATE2_20260812","V0LV_UNSEEN_VALIDATION_V2_CANDIDATE2_20260812","R_ONLY_MULTISTART_V3_CANDIDATE2_20260812","v0lv_10_R_10","v0lv_10","multiFSYNC","R","random__pre1__anneal_default",10,82621010,"none",FALSE,"v0lv_10__R__82621010","random",1,"c(1,1.9,100)",99,"strict_practical_stop_or_maximum_200_T1",200,TRUE,12,"maximum_eligible_ordinary_T1_ELBO",FALSE,TRUE,"observation_only",FALSE,FALSE,FALSE,FALSE,FALSE
"V0LV_MANIFEST_SCHEMA_V3_CANDIDATE2_20260812","V0LV_UNSEEN_VALIDATION_V2_CANDIDATE2_20260812","R_ONLY_MULTISTART_V3_CANDIDATE2_20260812","v0lv_10_R_11","v0lv_10","multiFSYNC","R","random__pre1__anneal_default",11,82621011,"none",FALSE,"v0lv_10__R__82621011","random",1,"c(1,1.9,100)",99,"strict_practical_stop_or_maximum_200_T1",200,TRUE,12,"maximum_eligible_ordinary_T1_ELBO",FALSE,TRUE,"observation_only",FALSE,FALSE,FALSE,FALSE,FALSE
"V0LV_MANIFEST_SCHEMA_V3_CANDIDATE2_20260812","V0LV_UNSEEN_VALIDATION_V2_CANDIDATE2_20260812","R_ONLY_MULTISTART_V3_CANDIDATE2_20260812","v0lv_10_R_12","v0lv_10","multiFSYNC","R","random__pre1__anneal_default",12,82621012,"none",FALSE,"v0lv_10__R__82621012","random",1,"c(1,1.9,100)",99,"strict_practical_stop_or_maximum_200_T1",200,TRUE,12,"maximum_eligible_ordinary_T1_ELBO",FALSE,TRUE,"observation_only",FALSE,FALSE,FALSE,FALSE,FALSE
"V0LV_MANIFEST_SCHEMA_V3_CANDIDATE2_20260812","V0LV_UNSEEN_VALIDATION_V2_CANDIDATE2_20260812","not_applicable","v0lv_10_pooled_bayesSYNC_01","v0lv_10","bayesSYNC_reference","pooled_bayesSYNC","pooled_bayesSYNC",1,82630010,"none",FALSE,"v0lv_10__pooled_bayesSYNC__82630010","random",0,"c(1,1.9,100)",99,"reference_ELBO_stop_or_maxit299",200,TRUE,1,"single_preregistered_endpoint",FALSE,FALSE,"observation_only",FALSE,FALSE,FALSE,FALSE,FALSE
