"fit_id","scenario_id","data_id","method_id","seed_index","t1_sweeps","exact_correct_1_1_1","strict_practical_converged","original_longest_streak","quantile_factor_alternative_ever_5","output_only_quantile_factor_ever_5","endpoint_objective_pass","endpoint_fitted_gate_pass","endpoint_rss_gate_pass","endpoint_ppi_max_gate_pass","endpoint_ppi_quantile_factor_gate_pass","minimum_gate_groups_removed_for_5_streak","minimal_removed_gate_sets","remove_objective_alone_reaches_5","remove_fitted_alone_reaches_5","remove_rss_alone_reaches_5","remove_ppi_max_alone_reaches_5","endpoint_ppi_max_abs","endpoint_ppi_quantile_abs","endpoint_factor_ppi_max_abs","endpoint_long_ppi_max_abs","endpoint_long_ppi_quantile_abs","endpoint_long_factor_ppi_max_abs"
"g12cs_base_01__G12CS__current_1_over_m__01","baseline_strong","g12cs_base_01","current_1_over_m",1,200,FALSE,FALSE,0,TRUE,TRUE,TRUE,TRUE,TRUE,FALSE,TRUE,1,"ppi_max",FALSE,FALSE,FALSE,TRUE,0.011007070100462,0.000345876772805515,2.9126701051041e-12,0.037869927153877,0.00119237015181895,3.83307829920909e-11
"g12cs_base_01__G12CS__current_1_over_m__02","baseline_strong","g12cs_base_01","current_1_over_m",2,200,FALSE,FALSE,0,TRUE,TRUE,TRUE,TRUE,TRUE,FALSE,TRUE,1,"ppi_max",FALSE,FALSE,FALSE,TRUE,0.00400348298035827,7.91041658990002e-05,2.87192492010035e-12,0.0126769901268615,0.000252399956107635,4.06223943372197e-11
"g12cs_base_01__G12CS__current_1_over_m__03","baseline_strong","g12cs_base_01","current_1_over_m",3,200,FALSE,FALSE,0,FALSE,FALSE,TRUE,FALSE,TRUE,FALSE,TRUE,2,"fitted+ppi_max",FALSE,FALSE,FALSE,FALSE,0.0208817289514048,0.000158688156553713,3.2888136658471e-12,0.065155264053626,0.000628444577911222,4.29779545285669e-11
"g12cs_base_01__G12CS__current_1_over_m__04","baseline_strong","g12cs_base_01","current_1_over_m",4,200,FALSE,FALSE,0,FALSE,FALSE,TRUE,FALSE,FALSE,FALSE,TRUE,3,"fitted+rss+ppi_max",FALSE,FALSE,FALSE,FALSE,0.0286936237112189,0.000307337235908978,3.3353320105789e-11,0.123173982979498,0.000933013961764506,2.01286320944405e-10
"g12cs_base_01__G12CS__current_1_over_m__05","baseline_strong","g12cs_base_01","current_1_over_m",5,200,FALSE,FALSE,0,FALSE,FALSE,TRUE,FALSE,FALSE,FALSE,TRUE,2,"rss+ppi_max",FALSE,FALSE,FALSE,FALSE,0.0176143160700662,0.000254364950604267,1.42952316650735e-11,0.0449364971925678,0.00084789837847351,7.25337567786255e-11
"g12cs_base_01__G12CS__current_1_over_m__06","baseline_strong","g12cs_base_01","current_1_over_m",6,200,FALSE,FALSE,0,FALSE,FALSE,TRUE,FALSE,FALSE,FALSE,TRUE,3,"fitted+rss+ppi_max",FALSE,FALSE,FALSE,FALSE,0.0137117528043758,0.000378866797489584,2.6887381210372e-12,0.0421234953181689,0.00134948885119442,3.91703336433125e-11
"g12cs_base_01__G12CS__current_1_over_m__07","baseline_strong","g12cs_base_01","current_1_over_m",7,200,FALSE,FALSE,0,TRUE,TRUE,TRUE,FALSE,FALSE,FALSE,TRUE,1,"ppi_max",FALSE,FALSE,FALSE,TRUE,0.0190828245223344,0.000312343013434016,6.99751367960744e-12,0.0608843541590867,0.00100565417107808,4.29778435062644e-11
"g12cs_base_01__G12CS__current_1_over_m__08","baseline_strong","g12cs_base_01","current_1_over_m",8,200,FALSE,FALSE,0,TRUE,TRUE,TRUE,TRUE,TRUE,FALSE,TRUE,1,"ppi_max",FALSE,FALSE,FALSE,TRUE,0.00950034000614897,0.0003492003416424,2.90933943603022e-12,0.0307650870452255,0.00116627723556667,3.8317349293493e-11
"g12cs_base_01__G12CS__gram_unit_energy__01","baseline_strong","g12cs_base_01","gram_unit_energy",1,200,FALSE,FALSE,0,FALSE,FALSE,TRUE,FALSE,TRUE,FALSE,TRUE,2,"fitted+ppi_max",FALSE,FALSE,FALSE,FALSE,0.00931195659011838,0.000465196722211283,5.916267475925e-12,0.0354488108011621,0.0014973038594584,2.8503088778109e-11
"g12cs_base_01__G12CS__gram_unit_energy__02","baseline_strong","g12cs_base_01","gram_unit_energy",2,200,FALSE,FALSE,0,FALSE,FALSE,FALSE,FALSE,FALSE,FALSE,TRUE,3,"fitted+rss+ppi_max",FALSE,FALSE,FALSE,FALSE,0.0987669894970619,0.000436486468527779,1.15455422999844e-10,0.242956369932229,0.00188827971153828,5.89458482025407e-10
"g12cs_base_01__G12CS__gram_unit_energy__03","baseline_strong","g12cs_base_01","gram_unit_energy",3,200,FALSE,FALSE,0,TRUE,TRUE,TRUE,TRUE,TRUE,FALSE,TRUE,1,"ppi_max",FALSE,FALSE,FALSE,TRUE,0.00856482009551077,0.000445828498818558,2.81608070196171e-12,0.0282531258058581,0.00150192884656855,3.85474985264977e-11
"g12cs_base_01__G12CS__gram_unit_energy__04","baseline_strong","g12cs_base_01","gram_unit_energy",4,200,TRUE,FALSE,0,FALSE,FALSE,TRUE,FALSE,FALSE,FALSE,TRUE,3,"fitted+rss+ppi_max",FALSE,FALSE,FALSE,FALSE,0.156206045384101,0.000846548507304557,0,0.538177614106962,0.00292883444806948,0
"g12cs_base_01__G12CS__gram_unit_energy__05","baseline_strong","g12cs_base_01","gram_unit_energy",5,200,FALSE,FALSE,0,FALSE,FALSE,TRUE,FALSE,TRUE,FALSE,TRUE,2,"fitted+ppi_max",FALSE,FALSE,FALSE,FALSE,0.00899879184807481,0.000349183099483927,1.15840670389389e-12,0.0355158207187381,0.00104056366502542,1.53751456011264e-11
"g12cs_base_01__G12CS__gram_unit_energy__06","baseline_strong","g12cs_base_01","gram_unit_energy",6,200,FALSE,FALSE,0,FALSE,FALSE,TRUE,FALSE,TRUE,FALSE,TRUE,2,"fitted+ppi_max",FALSE,FALSE,FALSE,FALSE,0.0107822586477919,0.00028962714362184,2.59359200782683e-12,0.046644230056442,0.00102304274457204,3.90452115084372e-11
"g12cs_base_01__G12CS__gram_unit_energy__07","baseline_strong","g12cs_base_01","gram_unit_energy",7,200,FALSE,FALSE,0,FALSE,FALSE,TRUE,FALSE,FALSE,FALSE,TRUE,3,"fitted+rss+ppi_max",FALSE,FALSE,FALSE,FALSE,0.0254293085457842,0.000427509253786776,0,0.0567366889323097,0.00133739185858108,0
"g12cs_base_01__G12CS__gram_unit_energy__08","baseline_strong","g12cs_base_01","gram_unit_energy",8,200,TRUE,FALSE,0,FALSE,FALSE,TRUE,FALSE,FALSE,FALSE,TRUE,3,"fitted+rss+ppi_max",FALSE,FALSE,FALSE,FALSE,0.0848131521056024,0.000663704603345643,0,0.372976721288754,0.00230634073148797,0
"g12cs_base_02__G12CS__current_1_over_m__01","baseline_strong","g12cs_base_02","current_1_over_m",1,200,FALSE,FALSE,0,TRUE,TRUE,TRUE,TRUE,TRUE,FALSE,TRUE,1,"ppi_max",FALSE,FALSE,FALSE,TRUE,0.00865638823346382,0.000262458912388395,3.3048008774017e-12,0.027542391530107,0.000884221492744159,4.63624694191367e-11
"g12cs_base_02__G12CS__current_1_over_m__02","baseline_strong","g12cs_base_02","current_1_over_m",2,200,TRUE,FALSE,0,FALSE,FALSE,TRUE,FALSE,FALSE,FALSE,TRUE,3,"fitted+rss+ppi_max",FALSE,FALSE,FALSE,FALSE,0.023093035345052,0.00038000387467695,0,0.0655904614150055,0.00128293556158852,0
"g12cs_base_02__G12CS__current_1_over_m__03","baseline_strong","g12cs_base_02","current_1_over_m",3,200,FALSE,FALSE,0,FALSE,FALSE,TRUE,FALSE,FALSE,FALSE,TRUE,3,"fitted+rss+ppi_max",FALSE,FALSE,FALSE,FALSE,0.0265904916126579,0.000396272964631658,0,0.0762049562730582,0.00134998966998797,0
"g12cs_base_02__G12CS__current_1_over_m__04","baseline_strong","g12cs_base_02","current_1_over_m",4,200,FALSE,FALSE,0,FALSE,FALSE,TRUE,FALSE,TRUE,FALSE,TRUE,2,"fitted+ppi_max",FALSE,FALSE,FALSE,FALSE,0.0145235568017478,0.000406151627186944,0,0.0608813929951202,0.00139427725426543,0
"g12cs_base_02__G12CS__current_1_over_m__05","baseline_strong","g12cs_base_02","current_1_over_m",5,200,FALSE,FALSE,0,TRUE,TRUE,TRUE,TRUE,TRUE,FALSE,TRUE,1,"ppi_max",FALSE,FALSE,FALSE,TRUE,0.0104288402399162,0.000416336225515045,3.05011571555269e-12,0.0329067911894585,0.00139201685057225,4.10013134555243e-11
"g12cs_base_02__G12CS__current_1_over_m__06","baseline_strong","g12cs_base_02","current_1_over_m",6,200,FALSE,FALSE,0,FALSE,FALSE,TRUE,FALSE,TRUE,FALSE,TRUE,2,"fitted+ppi_max",FALSE,FALSE,FALSE,FALSE,0.00672326783699628,0.000315477873084725,3.09485770344509e-12,0.0327171202172331,0.00122084177749484,3.64805963215531e-11
"g12cs_base_02__G12CS__current_1_over_m__07","baseline_strong","g12cs_base_02","current_1_over_m",7,200,FALSE,FALSE,0,TRUE,TRUE,TRUE,TRUE,TRUE,FALSE,TRUE,1,"ppi_max",FALSE,FALSE,FALSE,TRUE,0.00811950853992982,0.000309545073628355,3.28148619388458e-12,0.0259369041388302,0.00103311006013216,4.38429292870524e-11
"g12cs_base_02__G12CS__current_1_over_m__08","baseline_strong","g12cs_base_02","current_1_over_m",8,200,FALSE,FALSE,0,FALSE,FALSE,TRUE,FALSE,FALSE,FALSE,TRUE,3,"fitted+rss+ppi_max",FALSE,FALSE,FALSE,FALSE,0.0216114729367092,0.000607509780931913,0,0.0896831607898315,0.00206358399155874,0
"g12cs_base_02__G12CS__gram_unit_energy__01","baseline_strong","g12cs_base_02","gram_unit_energy",1,200,FALSE,FALSE,0,FALSE,FALSE,TRUE,FALSE,FALSE,FALSE,TRUE,3,"fitted+rss+ppi_max",FALSE,FALSE,FALSE,FALSE,0.129010976703362,0.000442469832963354,0,0.279744799359062,0.00150803829290374,0
"g12cs_base_02__G12CS__gram_unit_energy__02","baseline_strong","g12cs_base_02","gram_unit_energy",2,200,TRUE,FALSE,0,FALSE,FALSE,TRUE,FALSE,FALSE,FALSE,TRUE,3,"fitted+rss+ppi_max",FALSE,FALSE,FALSE,FALSE,0.0263077923741028,0.000368170657496855,0,0.0926668232960938,0.00144286443450367,0
"g12cs_base_02__G12CS__gram_unit_energy__03","baseline_strong","g12cs_base_02","gram_unit_energy",3,200,TRUE,FALSE,0,FALSE,FALSE,TRUE,FALSE,FALSE,FALSE,FALSE,3,"fitted+rss+ppi_max",FALSE,FALSE,FALSE,FALSE,0.0164453951865442,0.000645206691624887,0,0.99623636292901,0.0892195061705931,0
"g12cs_base_02__G12CS__gram_unit_energy__04","baseline_strong","g12cs_base_02","gram_unit_energy",4,200,FALSE,FALSE,0,FALSE,FALSE,TRUE,FALSE,FALSE,FALSE,TRUE,3,"fitted+rss+ppi_max",FALSE,FALSE,FALSE,FALSE,0.420848567560873,0.00128496175654574,0,0.658576345026149,0.00405692901829578,0
"g12cs_base_02__G12CS__gram_unit_energy__05","baseline_strong","g12cs_base_02","gram_unit_energy",5,200,FALSE,FALSE,0,TRUE,TRUE,TRUE,TRUE,TRUE,FALSE,TRUE,1,"ppi_max",FALSE,FALSE,FALSE,TRUE,0.00748310345353559,0.00026893617133578,6.78346268045971e-14,0.0237527573730996,0.000890480088501158,3.02868841117743e-12
"g12cs_base_02__G12CS__gram_unit_energy__06","baseline_strong","g12cs_base_02","gram_unit_energy",6,200,TRUE,FALSE,0,FALSE,FALSE,TRUE,TRUE,FALSE,FALSE,TRUE,3,"fitted+rss+ppi_max",FALSE,FALSE,FALSE,FALSE,0.00836644734547565,0.000311317073086032,0,0.0277680231726169,0.0010385750184807,0
"g12cs_base_02__G12CS__gram_unit_energy__07","baseline_strong","g12cs_base_02","gram_unit_energy",7,200,TRUE,FALSE,0,TRUE,TRUE,TRUE,TRUE,TRUE,FALSE,TRUE,1,"ppi_max",FALSE,FALSE,FALSE,TRUE,0.00861074491188074,0.00034657846097189,0,0.0272333946426591,0.00115567264772536,0
"g12cs_base_02__G12CS__gram_unit_energy__08","baseline_strong","g12cs_base_02","gram_unit_energy",8,200,TRUE,FALSE,0,FALSE,FALSE,TRUE,FALSE,FALSE,FALSE,TRUE,3,"fitted+rss+ppi_max",FALSE,FALSE,FALSE,FALSE,0.00735057099782455,0.000266353089364484,0,0.0255786911349772,0.000901122435336834,0
"g12cs_weak_01__G12CS__current_1_over_m__01","weak_loading_separation","g12cs_weak_01","current_1_over_m",1,200,FALSE,FALSE,0,TRUE,TRUE,TRUE,TRUE,TRUE,FALSE,TRUE,1,"ppi_max",FALSE,FALSE,FALSE,TRUE,0.00856030237209904,0.000191484610919879,3.04845038101575e-12,0.0276765772455689,0.000639454169918902,3.91935373045271e-11
"g12cs_weak_01__G12CS__current_1_over_m__02","weak_loading_separation","g12cs_weak_01","current_1_over_m",2,84,FALSE,TRUE,5,TRUE,TRUE,TRUE,TRUE,TRUE,TRUE,TRUE,0,"none",TRUE,TRUE,TRUE,TRUE,8.09108669400664e-15,7.01843929065863e-18,1.01030295240889e-14,8.2902962558177e-14,2.16721583015342e-17,2.55129251058861e-13
"g12cs_weak_01__G12CS__current_1_over_m__03","weak_loading_separation","g12cs_weak_01","current_1_over_m",3,200,FALSE,FALSE,0,TRUE,TRUE,TRUE,TRUE,TRUE,FALSE,TRUE,1,"ppi_max",FALSE,FALSE,FALSE,TRUE,0.00974547772249323,0.000228823647512707,3.05666603139798e-12,0.0318174839056651,0.000771025949713905,3.92047505570758e-11
"g12cs_weak_01__G12CS__current_1_over_m__04","weak_loading_separation","g12cs_weak_01","current_1_over_m",4,200,FALSE,FALSE,0,TRUE,TRUE,TRUE,TRUE,TRUE,FALSE,TRUE,1,"ppi_max",FALSE,FALSE,FALSE,TRUE,0.00987831350154411,8.83962962395796e-05,3.04589686805912e-12,0.0293410578715056,0.000293357844327181,4.09430267467314e-11
"g12cs_weak_01__G12CS__current_1_over_m__05","weak_loading_separation","g12cs_weak_01","current_1_over_m",5,200,FALSE,FALSE,0,TRUE,TRUE,TRUE,TRUE,TRUE,FALSE,TRUE,1,"ppi_max",FALSE,FALSE,FALSE,TRUE,0.0115259275454547,8.40591928961555e-05,3.20066195769186e-12,0.0377583070587382,0.00028714944198948,4.39521752326755e-11
"g12cs_weak_01__G12CS__current_1_over_m__06","weak_loading_separation","g12cs_weak_01","current_1_over_m",6,200,FALSE,FALSE,0,TRUE,TRUE,TRUE,TRUE,TRUE,FALSE,TRUE,1,"ppi_max",FALSE,FALSE,FALSE,TRUE,0.00928825881270845,0.000209998097463602,3.07709413505108e-12,0.0300857263866345,0.000702592999564427,3.93372001639136e-11
"g12cs_weak_01__G12CS__current_1_over_m__07","weak_loading_separation","g12cs_weak_01","current_1_over_m",7,200,TRUE,FALSE,0,FALSE,FALSE,TRUE,FALSE,FALSE,FALSE,TRUE,3,"fitted+rss+ppi_max",FALSE,FALSE,FALSE,FALSE,0.127948634038465,0.000524674681952985,0,0.353201493588785,0.00158556073448141,0
"g12cs_weak_01__G12CS__current_1_over_m__08","weak_loading_separation","g12cs_weak_01","current_1_over_m",8,200,FALSE,FALSE,0,FALSE,FALSE,TRUE,FALSE,FALSE,FALSE,TRUE,3,"fitted+rss+ppi_max",FALSE,FALSE,FALSE,FALSE,0.858555061936593,0.000620019479074484,1.58029145325145e-11,0.957840530002862,0.001735558206712,7.48786588289363e-11
"g12cs_weak_01__G12CS__gram_unit_energy__01","weak_loading_separation","g12cs_weak_01","gram_unit_energy",1,200,TRUE,FALSE,0,FALSE,FALSE,TRUE,FALSE,FALSE,FALSE,TRUE,3,"fitted+rss+ppi_max",FALSE,FALSE,FALSE,FALSE,0.0123333818378918,0.000274234248154515,0,0.0412200760299775,0.000912590434155526,0
"g12cs_weak_01__G12CS__gram_unit_energy__02","weak_loading_separation","g12cs_weak_01","gram_unit_energy",2,200,TRUE,FALSE,0,FALSE,FALSE,TRUE,FALSE,FALSE,FALSE,TRUE,3,"fitted+rss+ppi_max",FALSE,FALSE,FALSE,FALSE,0.0753201033934787,0.000481876769488743,0,0.185486484303145,0.00191918045044898,0
"g12cs_weak_01__G12CS__gram_unit_energy__03","weak_loading_separation","g12cs_weak_01","gram_unit_energy",3,200,FALSE,FALSE,0,TRUE,TRUE,TRUE,TRUE,TRUE,FALSE,TRUE,1,"ppi_max",FALSE,FALSE,FALSE,TRUE,0.00995336725110696,0.000221556283597782,1.09245945623115e-13,0.0326550241405152,0.000745741292566969,1.02085007114283e-12
"g12cs_weak_01__G12CS__gram_unit_energy__04","weak_loading_separation","g12cs_weak_01","gram_unit_energy",4,200,TRUE,FALSE,0,FALSE,FALSE,TRUE,FALSE,FALSE,FALSE,TRUE,3,"fitted+rss+ppi_max",FALSE,FALSE,FALSE,FALSE,0.0303698486254543,0.00025717662529944,0,0.272456776940189,0.00127768105251338,0
"g12cs_weak_01__G12CS__gram_unit_energy__05","weak_loading_separation","g12cs_weak_01","gram_unit_energy",5,200,TRUE,FALSE,0,FALSE,FALSE,TRUE,FALSE,FALSE,FALSE,TRUE,3,"fitted+rss+ppi_max",FALSE,FALSE,FALSE,FALSE,0.00916356054525436,0.000264952596470913,0,0.0715894558763586,0.000985122550889617,0
"g12cs_weak_01__G12CS__gram_unit_energy__06","weak_loading_separation","g12cs_weak_01","gram_unit_energy",6,200,TRUE,FALSE,0,TRUE,TRUE,TRUE,TRUE,TRUE,FALSE,TRUE,1,"ppi_max",FALSE,FALSE,FALSE,TRUE,0.0126927350003947,0.000288322263549824,0,0.040624411791748,0.000958900074476727,0
"g12cs_weak_01__G12CS__gram_unit_energy__07","weak_loading_separation","g12cs_weak_01","gram_unit_energy",7,200,TRUE,FALSE,0,FALSE,FALSE,FALSE,FALSE,FALSE,FALSE,TRUE,3,"fitted+rss+ppi_max",FALSE,FALSE,FALSE,FALSE,0.227486036560344,0.000503428972939833,0,0.97302834118012,0.00231461521277428,0
"g12cs_weak_01__G12CS__gram_unit_energy__08","weak_loading_separation","g12cs_weak_01","gram_unit_energy",8,200,FALSE,FALSE,0,FALSE,FALSE,TRUE,FALSE,FALSE,FALSE,TRUE,3,"fitted+rss+ppi_max",FALSE,FALSE,FALSE,FALSE,0.0114170958743033,0.000239481815531907,0,0.0395267293189842,0.000828884557527996,0
"g12cs_weak_02__G12CS__current_1_over_m__01","weak_loading_separation","g12cs_weak_02","current_1_over_m",1,200,FALSE,FALSE,0,FALSE,FALSE,TRUE,FALSE,FALSE,FALSE,TRUE,3,"fitted+rss+ppi_max",FALSE,FALSE,FALSE,FALSE,0.114546553561809,0.000576174232524025,1.96560545617785e-11,0.678228301997704,0.00143208582307957,3.46670470108279e-11
"g12cs_weak_02__G12CS__current_1_over_m__02","weak_loading_separation","g12cs_weak_02","current_1_over_m",2,200,FALSE,FALSE,0,TRUE,TRUE,TRUE,TRUE,TRUE,FALSE,TRUE,1,"ppi_max",FALSE,FALSE,FALSE,TRUE,0.00695628356124131,0.000111199149783624,2.89201995684607e-12,0.0228225397153333,0.00037984000996759,4.05644406953343e-11
"g12cs_weak_02__G12CS__current_1_over_m__03","weak_loading_separation","g12cs_weak_02","current_1_over_m",3,200,FALSE,FALSE,0,TRUE,TRUE,TRUE,TRUE,TRUE,FALSE,TRUE,1,"ppi_max",FALSE,FALSE,FALSE,TRUE,0.00883943524806208,0.000273224722658096,2.85571566394083e-12,0.0289353438735871,0.000913490098401398,3.84221543470176e-11
"g12cs_weak_02__G12CS__current_1_over_m__04","weak_loading_separation","g12cs_weak_02","current_1_over_m",4,200,FALSE,FALSE,0,FALSE,FALSE,TRUE,FALSE,FALSE,FALSE,TRUE,3,"fitted+rss+ppi_max",FALSE,FALSE,FALSE,FALSE,0.270787112236836,0.000214417705575264,2.44859688081078e-12,0.41180913578228,0.000656902114035013,3.29550831068559e-11
"g12cs_weak_02__G12CS__current_1_over_m__05","weak_loading_separation","g12cs_weak_02","current_1_over_m",5,200,FALSE,FALSE,0,FALSE,FALSE,TRUE,FALSE,FALSE,FALSE,TRUE,3,"fitted+rss+ppi_max",FALSE,FALSE,FALSE,FALSE,0.159777961433281,0.000476145669335835,0,0.587310520040405,0.00219779766509395,0
"g12cs_weak_02__G12CS__current_1_over_m__06","weak_loading_separation","g12cs_weak_02","current_1_over_m",6,200,FALSE,FALSE,0,FALSE,FALSE,TRUE,FALSE,FALSE,FALSE,TRUE,3,"fitted+rss+ppi_max",FALSE,FALSE,FALSE,FALSE,0.601718087495628,0.000492915259767048,5.35604893769914e-12,0.831660026727494,0.00469048009259884,5.43454170554014e-12
"g12cs_weak_02__G12CS__current_1_over_m__07","weak_loading_separation","g12cs_weak_02","current_1_over_m",7,84,FALSE,TRUE,5,TRUE,TRUE,TRUE,TRUE,TRUE,TRUE,TRUE,0,"none",TRUE,TRUE,TRUE,TRUE,2.48435362965024e-14,5.50271618834492e-15,1.67810210172092e-12,5.015964880662e-14,5.88485108924713e-15,1.71151981476214e-12
"g12cs_weak_02__G12CS__current_1_over_m__08","weak_loading_separation","g12cs_weak_02","current_1_over_m",8,200,FALSE,FALSE,0,TRUE,TRUE,TRUE,TRUE,TRUE,FALSE,TRUE,1,"ppi_max",FALSE,FALSE,FALSE,TRUE,0.00899587325505874,8.72390594794365e-05,3.03812530688674e-12,0.0303085093512268,0.000299019344508313,4.05732114572288e-11
"g12cs_weak_02__G12CS__gram_unit_energy__01","weak_loading_separation","g12cs_weak_02","gram_unit_energy",1,200,TRUE,FALSE,0,FALSE,FALSE,TRUE,FALSE,FALSE,FALSE,TRUE,3,"fitted+rss+ppi_max",FALSE,FALSE,FALSE,FALSE,0.224877579818154,0.000565386554220817,0,0.47216706549762,0.00214857903862994,0
"g12cs_weak_02__G12CS__gram_unit_energy__02","weak_loading_separation","g12cs_weak_02","gram_unit_energy",2,200,FALSE,FALSE,0,FALSE,FALSE,TRUE,FALSE,FALSE,FALSE,TRUE,3,"fitted+rss+ppi_max",FALSE,FALSE,FALSE,FALSE,0.382291545083835,0.000361675813199941,1.9247603511019e-11,0.740973931097881,0.000993481750692725,9.60387325221745e-12
"g12cs_weak_02__G12CS__gram_unit_energy__03","weak_loading_separation","g12cs_weak_02","gram_unit_energy",3,200,TRUE,FALSE,0,FALSE,FALSE,TRUE,FALSE,FALSE,FALSE,TRUE,3,"fitted+rss+ppi_max",FALSE,FALSE,FALSE,FALSE,0.00809556703074682,0.000333774596071469,0,0.0928326801082959,0.00122500737820321,0
"g12cs_weak_02__G12CS__gram_unit_energy__04","weak_loading_separation","g12cs_weak_02","gram_unit_energy",4,200,FALSE,FALSE,0,FALSE,FALSE,TRUE,FALSE,FALSE,FALSE,TRUE,3,"fitted+rss+ppi_max",FALSE,FALSE,FALSE,FALSE,0.0575419050333155,0.000190498183851192,2.57627252864268e-12,0.113214290865906,0.00058493243273174,2.6147084497552e-11
"g12cs_weak_02__G12CS__gram_unit_energy__05","weak_loading_separation","g12cs_weak_02","gram_unit_energy",5,200,FALSE,FALSE,0,FALSE,FALSE,TRUE,FALSE,FALSE,FALSE,TRUE,3,"fitted+rss+ppi_max",FALSE,FALSE,FALSE,FALSE,0.058222981803468,0.000452865255741756,0,0.141634376103867,0.0013271621760907,0
"g12cs_weak_02__G12CS__gram_unit_energy__06","weak_loading_separation","g12cs_weak_02","gram_unit_energy",6,200,TRUE,FALSE,0,FALSE,FALSE,TRUE,FALSE,FALSE,FALSE,TRUE,3,"fitted+rss+ppi_max",FALSE,FALSE,FALSE,FALSE,0.19558680153566,0.000701877490022976,0,0.475753869986711,0.00199097191711879,0
"g12cs_weak_02__G12CS__gram_unit_energy__07","weak_loading_separation","g12cs_weak_02","gram_unit_energy",7,200,TRUE,FALSE,0,FALSE,FALSE,TRUE,FALSE,FALSE,FALSE,TRUE,3,"fitted+rss+ppi_max",FALSE,FALSE,FALSE,FALSE,0.0438602639329132,0.000446987001671693,0,0.181623020957189,0.0015169898407563,0
"g12cs_weak_02__G12CS__gram_unit_energy__08","weak_loading_separation","g12cs_weak_02","gram_unit_energy",8,200,TRUE,FALSE,0,FALSE,FALSE,TRUE,FALSE,FALSE,FALSE,TRUE,3,"fitted+rss+ppi_max",FALSE,FALSE,FALSE,FALSE,0.0382930957849519,0.000359651292252291,0,0.0941211650071805,0.00118170783674737,0
"g12cs_sparse_01__G12CS__current_1_over_m__01","sparse_observation","g12cs_sparse_01","current_1_over_m",1,190,FALSE,TRUE,5,TRUE,TRUE,TRUE,TRUE,TRUE,TRUE,TRUE,0,"none",TRUE,TRUE,TRUE,TRUE,0.0026184062608445,0.00012290474518231,5.97866200990893e-12,0.00957625061564356,0.000421375465865914,5.70052893777984e-11
"g12cs_sparse_01__G12CS__current_1_over_m__02","sparse_observation","g12cs_sparse_01","current_1_over_m",2,200,FALSE,FALSE,0,FALSE,FALSE,TRUE,FALSE,FALSE,FALSE,TRUE,3,"fitted+rss+ppi_max",FALSE,FALSE,FALSE,FALSE,0.0288849020186303,0.000644603192562139,8.90432172440114e-12,0.115530069707348,0.00188577921146499,6.18385342932015e-11
"g12cs_sparse_01__G12CS__current_1_over_m__03","sparse_observation","g12cs_sparse_01","current_1_over_m",3,84,FALSE,TRUE,5,TRUE,TRUE,TRUE,TRUE,TRUE,TRUE,TRUE,0,"none",TRUE,TRUE,TRUE,TRUE,8.81886739007984e-14,2.08346730968399e-17,9.51461132103759e-14,7.286126757056e-13,3.99174632712955e-16,1.40787381752716e-12
"g12cs_sparse_01__G12CS__current_1_over_m__04","sparse_observation","g12cs_sparse_01","current_1_over_m",4,200,FALSE,FALSE,0,TRUE,TRUE,TRUE,TRUE,TRUE,FALSE,TRUE,1,"ppi_max",FALSE,FALSE,FALSE,TRUE,0.0119427107756268,0.000181814515597736,2.8332891588434e-12,0.0391594855861045,0.000609632138559576,5.2685189544377e-11
"g12cs_sparse_01__G12CS__current_1_over_m__05","sparse_observation","g12cs_sparse_01","current_1_over_m",5,200,FALSE,FALSE,0,TRUE,TRUE,TRUE,TRUE,TRUE,FALSE,TRUE,1,"ppi_max",FALSE,FALSE,FALSE,TRUE,0.00408176051782458,0.000225742564989643,1.26343380202343e-13,0.0135690158344853,0.000785553054183259,9.5901064867121e-13
"g12cs_sparse_01__G12CS__current_1_over_m__06","sparse_observation","g12cs_sparse_01","current_1_over_m",6,200,FALSE,FALSE,0,TRUE,TRUE,TRUE,TRUE,TRUE,FALSE,TRUE,1,"ppi_max",FALSE,FALSE,FALSE,TRUE,0.00927091028998114,0.000136606445200516,3.73834296851783e-12,0.0290387788649235,0.000457914471441909,4.89571716499881e-11
"g12cs_sparse_01__G12CS__current_1_over_m__07","sparse_observation","g12cs_sparse_01","current_1_over_m",7,200,FALSE,FALSE,0,FALSE,FALSE,TRUE,FALSE,TRUE,FALSE,TRUE,2,"fitted+ppi_max",FALSE,FALSE,FALSE,FALSE,0.017871286938527,0.000183424151633342,4.273914555597e-12,0.0907357614638901,0.000643257364531278,5.33626476340032e-11
"g12cs_sparse_01__G12CS__current_1_over_m__08","sparse_observation","g12cs_sparse_01","current_1_over_m",8,84,FALSE,TRUE,5,TRUE,TRUE,TRUE,TRUE,TRUE,TRUE,TRUE,0,"none",TRUE,TRUE,TRUE,TRUE,8.8188673321772e-14,2.08346514531422e-17,9.51461132103759e-14,7.28612667430485e-13,3.99174666464509e-16,1.40787381752716e-12
"g12cs_sparse_01__G12CS__gram_unit_energy__01","sparse_observation","g12cs_sparse_01","gram_unit_energy",1,200,FALSE,FALSE,0,FALSE,FALSE,TRUE,FALSE,FALSE,FALSE,TRUE,3,"fitted+rss+ppi_max",FALSE,FALSE,FALSE,FALSE,0.100165398865682,0.000446437028694924,4.92272889118794e-13,0.320582796958948,0.00130123637895739,3.67023078595707e-11
"g12cs_sparse_01__G12CS__gram_unit_energy__02","sparse_observation","g12cs_sparse_01","gram_unit_energy",2,200,FALSE,FALSE,0,FALSE,FALSE,TRUE,FALSE,TRUE,FALSE,TRUE,2,"fitted+ppi_max",FALSE,FALSE,FALSE,FALSE,0.00344361694306153,0.000231778926302165,2.1094237467878e-15,0.012140931522868,0.000864774220160615,1.51578749552073e-12
"g12cs_sparse_01__G12CS__gram_unit_energy__03","sparse_observation","g12cs_sparse_01","gram_unit_energy",3,200,FALSE,FALSE,0,TRUE,TRUE,TRUE,TRUE,TRUE,FALSE,TRUE,1,"ppi_max",FALSE,FALSE,FALSE,TRUE,0.00649714973583833,0.000213502613194353,2.71005440311001e-13,0.0214955580852817,0.000697789845635073,6.93112234273485e-13
"g12cs_sparse_01__G12CS__gram_unit_energy__04","sparse_observation","g12cs_sparse_01","gram_unit_energy",4,200,FALSE,FALSE,0,TRUE,TRUE,TRUE,TRUE,TRUE,FALSE,TRUE,1,"ppi_max",FALSE,FALSE,FALSE,TRUE,0.00423058586692265,0.000227219010382046,9.68114477473137e-14,0.0146367619265107,0.000768612749875551,8.78852546293274e-13
"g12cs_sparse_01__G12CS__gram_unit_energy__05","sparse_observation","g12cs_sparse_01","gram_unit_energy",5,200,FALSE,FALSE,0,FALSE,FALSE,TRUE,FALSE,FALSE,FALSE,TRUE,3,"fitted+rss+ppi_max",FALSE,FALSE,FALSE,FALSE,0.00406977769295715,0.000299447083049517,5.5298765566647e-11,0.0133585457447506,0.000972557537445689,2.21505480624273e-10
"g12cs_sparse_01__G12CS__gram_unit_energy__06","sparse_observation","g12cs_sparse_01","gram_unit_energy",6,200,FALSE,FALSE,0,FALSE,FALSE,TRUE,FALSE,FALSE,FALSE,TRUE,3,"fitted+rss+ppi_max",FALSE,FALSE,FALSE,FALSE,0.0247704278790094,0.000345194865692422,1.67175162602007e-10,0.0594122855645165,0.000853539142353553,1.6994983198515e-10
"g12cs_sparse_01__G12CS__gram_unit_energy__07","sparse_observation","g12cs_sparse_01","gram_unit_energy",7,200,TRUE,FALSE,0,FALSE,FALSE,TRUE,TRUE,FALSE,FALSE,TRUE,2,"rss+ppi_max",FALSE,FALSE,FALSE,FALSE,0.0125845707921888,0.000316184600597713,0,0.0456012505301696,0.00102183275988227,0
"g12cs_sparse_01__G12CS__gram_unit_energy__08","sparse_observation","g12cs_sparse_01","gram_unit_energy",8,200,FALSE,FALSE,0,TRUE,TRUE,TRUE,TRUE,TRUE,FALSE,TRUE,1,"ppi_max",FALSE,FALSE,FALSE,TRUE,0.0116046046335099,0.000230255002974123,2.53408405370692e-12,0.0381158855464609,0.000779925826052114,4.72202277279621e-11
"g12cs_sparse_02__G12CS__current_1_over_m__01","sparse_observation","g12cs_sparse_02","current_1_over_m",1,200,FALSE,FALSE,0,TRUE,TRUE,TRUE,TRUE,TRUE,FALSE,TRUE,1,"ppi_max",FALSE,FALSE,FALSE,TRUE,0.00507241024645833,0.00027635310481362,2.60746979563464e-12,0.0111745152867714,0.000908055135532426,5.05464559097391e-11
"g12cs_sparse_02__G12CS__current_1_over_m__02","sparse_observation","g12cs_sparse_02","current_1_over_m",2,200,FALSE,FALSE,0,TRUE,TRUE,TRUE,TRUE,TRUE,FALSE,TRUE,1,"ppi_max",FALSE,FALSE,FALSE,TRUE,0.00590945357675413,0.00023642698823645,2.83550960489265e-12,0.0200709484483192,0.000796306008021796,5.28295185375782e-11
"g12cs_sparse_02__G12CS__current_1_over_m__03","sparse_observation","g12cs_sparse_02","current_1_over_m",3,200,FALSE,FALSE,0,TRUE,TRUE,TRUE,TRUE,TRUE,FALSE,TRUE,1,"ppi_max",FALSE,FALSE,FALSE,TRUE,0.00986825062541369,0.000325250784906292,2.82918133365229e-12,0.0319321560074806,0.00104669517866132,5.2956194984688e-11
"g12cs_sparse_02__G12CS__current_1_over_m__04","sparse_observation","g12cs_sparse_02","current_1_over_m",4,84,FALSE,TRUE,5,TRUE,TRUE,TRUE,TRUE,TRUE,TRUE,TRUE,0,"none",TRUE,TRUE,TRUE,TRUE,3.46876187014457e-14,2.46768592081686e-17,3.27515792264421e-14,1.11837831027072e-12,4.59641316221803e-16,1.51456625019364e-12
"g12cs_sparse_02__G12CS__current_1_over_m__05","sparse_observation","g12cs_sparse_02","current_1_over_m",5,200,FALSE,FALSE,0,TRUE,TRUE,TRUE,TRUE,TRUE,FALSE,TRUE,1,"ppi_max",FALSE,FALSE,FALSE,TRUE,0.011136540013855,0.000326557555285553,5.00233188205357e-12,0.039258290944819,0.00108908396906182,5.69696512187079e-11
"g12cs_sparse_02__G12CS__current_1_over_m__06","sparse_observation","g12cs_sparse_02","current_1_over_m",6,200,FALSE,FALSE,0,TRUE,TRUE,TRUE,TRUE,TRUE,FALSE,TRUE,1,"ppi_max",FALSE,FALSE,FALSE,TRUE,0.00992154916312371,0.000196817001692387,3.03157499104145e-12,0.0302939189649836,0.000646612942089513,5.07401898275361e-11
"g12cs_sparse_02__G12CS__current_1_over_m__07","sparse_observation","g12cs_sparse_02","current_1_over_m",7,200,FALSE,FALSE,0,TRUE,TRUE,TRUE,TRUE,TRUE,FALSE,TRUE,1,"ppi_max",FALSE,FALSE,FALSE,TRUE,0.0179092147946233,0.000366398785847304,1.57318602589385e-13,0.0602593492052098,0.00129516470320775,1.40240041801576e-11
"g12cs_sparse_02__G12CS__current_1_over_m__08","sparse_observation","g12cs_sparse_02","current_1_over_m",8,200,FALSE,FALSE,0,FALSE,FALSE,TRUE,FALSE,FALSE,FALSE,TRUE,3,"fitted+rss+ppi_max",FALSE,FALSE,FALSE,FALSE,0.0105209248900244,0.000340573102702603,1.52766688188422e-13,0.025853353154262,0.00122893433276618,4.002909115286e-12
"g12cs_sparse_02__G12CS__gram_unit_energy__01","sparse_observation","g12cs_sparse_02","gram_unit_energy",1,200,FALSE,FALSE,0,FALSE,FALSE,TRUE,FALSE,FALSE,FALSE,TRUE,3,"fitted+rss+ppi_max",FALSE,FALSE,FALSE,FALSE,0.00955887917322873,0.000294788248451401,1.78190795452338e-12,0.0980879363647574,0.0013642650114895,4.71619410191693e-11
"g12cs_sparse_02__G12CS__gram_unit_energy__02","sparse_observation","g12cs_sparse_02","gram_unit_energy",2,200,TRUE,FALSE,0,FALSE,FALSE,FALSE,FALSE,FALSE,FALSE,TRUE,3,"fitted+rss+ppi_max",FALSE,FALSE,FALSE,FALSE,0.10114368714473,0.00112571662714507,0,0.0514621059200548,0.00242644534530685,0
"g12cs_sparse_02__G12CS__gram_unit_energy__03","sparse_observation","g12cs_sparse_02","gram_unit_energy",3,200,FALSE,FALSE,0,FALSE,FALSE,TRUE,FALSE,FALSE,FALSE,TRUE,3,"fitted+rss+ppi_max",FALSE,FALSE,FALSE,FALSE,0.0375479445093354,0.00159143485428241,0,0.0758639322511186,0.00376605071887899,0
"g12cs_sparse_02__G12CS__gram_unit_energy__04","sparse_observation","g12cs_sparse_02","gram_unit_energy",4,200,TRUE,FALSE,0,FALSE,FALSE,TRUE,FALSE,FALSE,FALSE,TRUE,3,"fitted+rss+ppi_max",FALSE,FALSE,FALSE,FALSE,0.0287155654352567,0.000432680471079918,0,0.0912821405239771,0.001458534915599,0
"g12cs_sparse_02__G12CS__gram_unit_energy__05","sparse_observation","g12cs_sparse_02","gram_unit_energy",5,200,FALSE,FALSE,0,FALSE,FALSE,TRUE,FALSE,FALSE,FALSE,TRUE,3,"fitted+rss+ppi_max",FALSE,FALSE,FALSE,FALSE,0.0219087406267147,0.00120426205390893,1.81563653001149e-11,0.0503459108891396,0.00317733326005704,1.23801413565161e-10
"g12cs_sparse_02__G12CS__gram_unit_energy__06","sparse_observation","g12cs_sparse_02","gram_unit_energy",6,200,TRUE,FALSE,0,FALSE,FALSE,TRUE,FALSE,FALSE,FALSE,TRUE,2,"rss+ppi_max",FALSE,FALSE,FALSE,FALSE,0.0146008860361014,0.000451679560340006,0,0.0387500228623139,0.00138395848691342,0
"g12cs_sparse_02__G12CS__gram_unit_energy__07","sparse_observation","g12cs_sparse_02","gram_unit_energy",7,200,FALSE,FALSE,0,FALSE,FALSE,TRUE,FALSE,FALSE,FALSE,TRUE,3,"fitted+rss+ppi_max",FALSE,FALSE,FALSE,FALSE,0.00677344787928991,0.000451550660859689,2.5024426975051e-13,0.0363850974264186,0.00174650359944016,1.52691193022747e-11
"g12cs_sparse_02__G12CS__gram_unit_energy__08","sparse_observation","g12cs_sparse_02","gram_unit_energy",8,200,TRUE,FALSE,0,FALSE,FALSE,TRUE,FALSE,FALSE,FALSE,TRUE,3,"fitted+rss+ppi_max",FALSE,FALSE,FALSE,FALSE,0.00959029882921414,0.000519140483552933,0,0.0411184653033822,0.00154632422266458,0
