"cohort","endpoint_group","endpoints","metric","better","finite_values","mean","median","q25","q75","min","max"
"all_cohorts","exact",45,"signal_nrmse_ppi_selected","lower",45,0.172072895349115,0.168300616521878,0.16304017280874,0.18963197998922,0.136177872844757,0.226162934578999
"all_cohorts","exact",45,"dense_signal_nrmse_ppi_selected","lower",45,0.429209785581926,0.290030899897427,0.220534351917247,0.434210952761362,0.167566741047183,3.22135144882797
"all_cohorts","exact",45,"loading_relative_l2_error_mean","lower",45,0.242742357659248,0.138228189009621,0.111359512577822,0.223076596499358,0.0970438166413394,2.07782354763151
"all_cohorts","exact",45,"feature_total_ise_mean","lower",45,0.158938093494582,0.0969290872048831,0.0710578646240627,0.210505383319093,0.0271006193539587,0.568103363883227
"all_cohorts","exact",45,"feature_estimate_to_projection_ise_mean","lower",45,0.108710152975641,0.0406542356720187,0.0225223933245332,0.149551793277102,0.00694578794290593,0.517476566286164
"all_cohorts","exact",45,"kernel_relative_ise_mean","lower",45,0.218304737857697,0.191484958227028,0.119982555667603,0.299333298542778,0.038422210339108,0.723032222503563
"all_cohorts","exact",45,"covariance_operator_relative_error_mean","lower",45,1.61612092552877,0.613197904049521,0.419651414904048,0.863274784081342,0.342293283407953,30.7799783717329
"all_cohorts","exact",45,"matched_function_recall_mean","higher",45,0.892313403270796,0.922160396741974,0.849824042237049,0.943523058021531,0.62527877870774,0.976046761350358
"all_cohorts","exact",45,"matched_trajectory_abs_cor_mean","higher",45,0.972074045021258,0.972677301721434,0.964864521164767,0.980319809267261,0.923439332067286,0.988894154418122
"all_cohorts","exact",45,"matched_score_abs_cor_mean","higher",45,0.918091928434589,0.948719452443631,0.872277098426505,0.959561091634691,0.698815257060473,0.989644821375382
"all_cohorts","exact",45,"factor_process_nrmse_mean_missing_as_zero","lower",27,0.286136344459661,0.247045920633226,0.230422653985774,0.296002281168158,0.196274717180383,0.605328640484193
"all_cohorts","exact",45,"complete_contribution_nrmse_mean_missing_as_zero","lower",27,0.22621083943712,0.213566599418387,0.201508550491553,0.25472486869737,0.154878215706879,0.344204567008874
"all_cohorts","nonexact",59,"signal_nrmse_ppi_selected","lower",59,0.392869173326695,0.383887884070367,0.32749030019551,0.427332479991097,0.272977836503584,0.558783388658427
"all_cohorts","nonexact",59,"dense_signal_nrmse_ppi_selected","lower",59,0.497223021234104,0.468940371052656,0.409644623022645,0.530979062724138,0.339410423305413,1.05716348459922
"all_cohorts","nonexact",59,"loading_relative_l2_error_mean","lower",59,0.190613058360495,0.139178353766253,0.114881324666538,0.225519476004537,0.0188124957072704,1.06917162717613
"all_cohorts","nonexact",59,"feature_total_ise_mean","lower",59,0.206290239828488,0.130282960664999,0.0899263893025586,0.317846008789168,0.0193657631518976,0.53835307340136
"all_cohorts","nonexact",59,"feature_estimate_to_projection_ise_mean","lower",59,0.161364239014941,0.0915852512507378,0.0408817318683419,0.264815155890482,0.00769473650903636,0.514884566735673
"all_cohorts","nonexact",59,"kernel_relative_ise_mean","lower",59,0.22154949302538,0.159903839133281,0.107827647537982,0.316472202593212,0.0294986283445375,0.958324459945133
"all_cohorts","nonexact",59,"covariance_operator_relative_error_mean","lower",59,0.951095214048138,0.74801162255548,0.654485798261867,0.847399263865671,0.463315058723389,3.990497622958
"all_cohorts","nonexact",59,"matched_function_recall_mean","higher",59,0.861183725597599,0.891986466544684,0.802842946598719,0.950497090895931,0.600709897010825,0.984516911647893
"all_cohorts","nonexact",59,"matched_trajectory_abs_cor_mean","higher",59,0.957049097642482,0.973275381976387,0.958913450757074,0.980624772595609,0.69262751661449,0.994135721844384
"all_cohorts","nonexact",59,"matched_score_abs_cor_mean","higher",59,0.89556270649766,0.925144560494038,0.854357210776263,0.955652297142233,0.561399514166473,0.989713232452682
"all_cohorts","nonexact",59,"factor_process_nrmse_mean_missing_as_zero","lower",45,0.515355364643686,0.482061131638755,0.427061360800803,0.558684631138588,0.386446657669838,0.786641754447459
"all_cohorts","nonexact",59,"complete_contribution_nrmse_mean_missing_as_zero","lower",45,0.475045828536994,0.435226956490056,0.404321071505038,0.4856781526547,0.354768744224451,0.777505527685068
"all_cohorts","frozen_winner",10,"signal_nrmse_ppi_selected","lower",10,0.167767591607779,0.166924629418284,0.157522414021105,0.184924852983737,0.136177872844757,0.194967418351347
"all_cohorts","frozen_winner",10,"dense_signal_nrmse_ppi_selected","lower",10,0.305554746845738,0.280348328758526,0.199956092267926,0.389411930219112,0.169089807602929,0.531103794233791
"all_cohorts","frozen_winner",10,"loading_relative_l2_error_mean","lower",10,0.168443356086825,0.13842274527262,0.117451998964843,0.182124837736206,0.105701162169777,0.353127905231496
"all_cohorts","frozen_winner",10,"feature_total_ise_mean","lower",10,0.13138606806028,0.0902699130131804,0.0715558888656129,0.187574355926565,0.0278283862084217,0.332397024536655
"all_cohorts","frozen_winner",10,"feature_estimate_to_projection_ise_mean","lower",10,0.0793232900169062,0.0380875288597521,0.0240412383641418,0.127965895492211,0.00774730256071557,0.272254827381523
"all_cohorts","frozen_winner",10,"kernel_relative_ise_mean","lower",10,0.189153246270575,0.186878300720917,0.118703697755119,0.267836174311797,0.0388720646611784,0.374493386048777
"all_cohorts","frozen_winner",10,"covariance_operator_relative_error_mean","lower",10,0.639926772112443,0.551329855191689,0.421531800409856,0.799688987839935,0.345952477575643,1.23373166983914
"all_cohorts","frozen_winner",10,"matched_function_recall_mean","higher",10,0.905383820334199,0.923249670358923,0.888165878636387,0.943648146007289,0.78957083870347,0.975395770341797
"all_cohorts","frozen_winner",10,"matched_trajectory_abs_cor_mean","higher",10,0.975264776330656,0.975241083039056,0.96974797238566,0.980228161043849,0.959931724222812,0.988894154418122
"all_cohorts","frozen_winner",10,"matched_score_abs_cor_mean","higher",10,0.936783135125564,0.952725287904733,0.929118247011494,0.960467789215221,0.832423392796073,0.989141251396295
"all_cohorts","frozen_winner",10,"factor_process_nrmse_mean_missing_as_zero","lower",6,0.247144886554191,0.245271956012562,0.2348535002611,0.264713827357503,0.196274717180383,0.293475557303209
"all_cohorts","frozen_winner",10,"complete_contribution_nrmse_mean_missing_as_zero","lower",6,0.208638379831067,0.209922019884392,0.191410160615868,0.219754755968701,0.154878215706879,0.268836147987576
"cross_standard_secondary","exact",18,"signal_nrmse_ppi_selected","lower",18,0.168174224854185,0.166793637842779,0.144487922250824,0.189385523160829,0.136786897415661,0.199587305916316
"cross_standard_secondary","exact",18,"dense_signal_nrmse_ppi_selected","lower",18,0.354831648751551,0.399115658407568,0.20550166817808,0.438419198265573,0.167566741047183,0.594083411857754
"cross_standard_secondary","exact",18,"loading_relative_l2_error_mean","lower",18,0.209948389259639,0.193548131615625,0.119240357615264,0.254708550803391,0.110134801257235,0.43061518215855
"cross_standard_secondary","exact",18,"feature_total_ise_mean","lower",18,0.168042773628343,0.129454356567802,0.0424713578284323,0.256300988011462,0.0271006193539587,0.406936153117837
"cross_standard_secondary","exact",18,"feature_estimate_to_projection_ise_mean","lower",18,0.118468246105791,0.0697409217712162,0.014950948893296,0.171927061857825,0.00694578794290593,0.341529327581739
"cross_standard_secondary","exact",18,"kernel_relative_ise_mean","lower",18,0.192231196118429,0.189048847984763,0.0679172352461638,0.285315429522999,0.038422210339108,0.379268702937608
"cross_standard_secondary","exact",18,"covariance_operator_relative_error_mean","lower",18,0.780863984529508,0.813365016594151,0.410203086326154,0.939356385718384,0.342293283407953,1.76416726414815
"cross_standard_secondary","exact",18,"matched_function_recall_mean","higher",18,0.876260220463536,0.885844584465965,0.797603404178393,0.962597003810926,0.737252508422604,0.976046761350358
"cross_standard_secondary","exact",18,"matched_trajectory_abs_cor_mean","higher",18,0.970583870430164,0.968308626362248,0.962996228057951,0.980972359846888,0.953363039278024,0.987364733904761
"cross_standard_secondary","exact",18,"matched_score_abs_cor_mean","higher",18,0.922864831633795,0.946064186962235,0.871113786731967,0.981323879897273,0.817169696669201,0.989644821375382
"cross_standard_secondary","exact",18,"factor_process_nrmse_mean_missing_as_zero","lower",0,,,,,,
"cross_standard_secondary","exact",18,"complete_contribution_nrmse_mean_missing_as_zero","lower",0,,,,,,
"cross_standard_secondary","nonexact",14,"signal_nrmse_ppi_selected","lower",14,0.391185889202478,0.394322499010317,0.306563124142417,0.474673122152099,0.272977836503584,0.509131797234907
"cross_standard_secondary","nonexact",14,"dense_signal_nrmse_ppi_selected","lower",14,0.526288573348464,0.504252458932095,0.424358104232196,0.534400199506132,0.356123478728672,1.05716348459922
"cross_standard_secondary","nonexact",14,"loading_relative_l2_error_mean","lower",14,0.30346569765266,0.234673208714152,0.16015899172804,0.389935369392408,0.0249328772249699,1.06917162717613
"cross_standard_secondary","nonexact",14,"feature_total_ise_mean","lower",14,0.260549983100112,0.269634772720598,0.106164944565078,0.447198474906606,0.0193657631518976,0.505569161883767
"cross_standard_secondary","nonexact",14,"feature_estimate_to_projection_ise_mean","lower",14,0.206051867726455,0.173534571233045,0.0284509265139744,0.386924039623794,0.00769473650903636,0.454721166338115
"cross_standard_secondary","nonexact",14,"kernel_relative_ise_mean","lower",14,0.301381380043655,0.310304499284319,0.107141859593966,0.415947977959699,0.0294986283445375,0.958324459945133
"cross_standard_secondary","nonexact",14,"covariance_operator_relative_error_mean","lower",14,1.30740774615179,0.899298815761515,0.693405187518627,1.31571056906855,0.463315058723389,3.990497622958
"cross_standard_secondary","nonexact",14,"matched_function_recall_mean","higher",14,0.823822171499359,0.871370353889335,0.714659095992787,0.935759280051032,0.600709897010825,0.984516911647893
"cross_standard_secondary","nonexact",14,"matched_trajectory_abs_cor_mean","higher",14,0.922572752763646,0.9593768067683,0.908541276319022,0.973621937905665,0.69262751661449,0.987089227782482
"cross_standard_secondary","nonexact",14,"matched_score_abs_cor_mean","higher",14,0.850709275046981,0.847807403603448,0.793092968315203,0.95021018313448,0.561399514166473,0.989713232452682
"cross_standard_secondary","nonexact",14,"factor_process_nrmse_mean_missing_as_zero","lower",0,,,,,,
"cross_standard_secondary","nonexact",14,"complete_contribution_nrmse_mean_missing_as_zero","lower",0,,,,,,
"cross_standard_secondary","frozen_winner",4,"signal_nrmse_ppi_selected","lower",4,0.168943808006596,0.174624592980837,0.156546002502185,0.187022398485249,0.13689406607549,0.18963197998922
"cross_standard_secondary","frozen_winner",4,"dense_signal_nrmse_ppi_selected","lower",4,0.382685037508583,0.415273274098806,0.342092620622318,0.45586569098507,0.169089807602929,0.531103794233791
"cross_standard_secondary","frozen_winner",4,"loading_relative_l2_error_mean","lower",4,0.226897650975022,0.221415979976006,0.171938177535168,0.27637545341586,0.111630738716578,0.353127905231496
"cross_standard_secondary","frozen_winner",4,"feature_total_ise_mean","lower",4,0.178932370750961,0.177752036129383,0.0960430518638412,0.260641355016502,0.0278283862084217,0.332397024536655
"cross_standard_secondary","frozen_winner",4,"feature_estimate_to_projection_ise_mean","lower",4,0.124674055844915,0.109347046718711,0.0535345069397126,0.180486595623914,0.00774730256071557,0.272254827381523
"cross_standard_secondary","frozen_winner",4,"kernel_relative_ise_mean","lower",4,0.219901419118268,0.233120112881558,0.14476543497214,0.308256097027686,0.0388720646611784,0.374493386048777
"cross_standard_secondary","frozen_winner",4,"covariance_operator_relative_error_mean","lower",4,0.840809449334712,0.891776824962032,0.719001180991159,1.01358509330558,0.345952477575643,1.23373166983914
"cross_standard_secondary","frozen_winner",4,"matched_function_recall_mean","higher",4,0.868288590830819,0.854093877139004,0.807888965736237,0.914493502233586,0.78957083870347,0.975395770341797
"cross_standard_secondary","frozen_winner",4,"matched_trajectory_abs_cor_mean","higher",4,0.972063404275852,0.970724415497584,0.966561578011004,0.976226241762432,0.959931724222812,0.986873061885427
"cross_standard_secondary","frozen_winner",4,"matched_score_abs_cor_mean","higher",4,0.91025252820078,0.909722734305376,0.861150360324359,0.958824902181797,0.832423392796073,0.989141251396295
"cross_standard_secondary","frozen_winner",4,"factor_process_nrmse_mean_missing_as_zero","lower",0,,,,,,
"cross_standard_secondary","frozen_winner",4,"complete_contribution_nrmse_mean_missing_as_zero","lower",0,,,,,,
"independent_primary","exact",27,"signal_nrmse_ppi_selected","lower",27,0.174672009012401,0.170659257796117,0.166062512586828,0.190589114312762,0.136177872844757,0.226162934578999
"independent_primary","exact",27,"dense_signal_nrmse_ppi_selected","lower",27,0.47879521013551,0.273811971100765,0.221592530726238,0.357354537973621,0.189919631276931,3.22135144882797
"independent_primary","exact",27,"loading_relative_l2_error_mean","lower",27,0.264605003258987,0.137735890100972,0.105809209642914,0.140595556212067,0.0970438166413394,2.07782354763151
"independent_primary","exact",27,"feature_total_ise_mean","lower",27,0.152868306738741,0.0869617254141717,0.0710669737276899,0.200099821372892,0.0638736276687558,0.568103363883227
"independent_primary","exact",27,"feature_estimate_to_projection_ise_mean","lower",27,0.102204757555541,0.0404994448150467,0.0228827833709397,0.140232806524467,0.0211210688686033,0.517476566286164
"independent_primary","exact",27,"kernel_relative_ise_mean","lower",27,0.235687099017209,0.191484958227028,0.120266762068027,0.314194847625999,0.0538676630129762,0.723032222503563
"independent_primary","exact",27,"covariance_operator_relative_error_mean","lower",27,2.17295888619494,0.472727635883534,0.419767831435733,0.672221738247767,0.412869904944438,30.7799783717329
"independent_primary","exact",27,"matched_function_recall_mean","higher",27,0.903015525142303,0.924338943975871,0.896110562031839,0.943412728446815,0.62527877870774,0.961058997739172
"independent_primary","exact",27,"matched_trajectory_abs_cor_mean","higher",27,0.973067494748655,0.976269849234895,0.967180717201692,0.980289268279713,0.923439332067286,0.988894154418122
"independent_primary","exact",27,"matched_score_abs_cor_mean","higher",27,0.914909992968451,0.954694120849422,0.914418125575279,0.957753968166183,0.698815257060473,0.980330489244283
"independent_primary","exact",27,"factor_process_nrmse_mean_missing_as_zero","lower",27,0.286136344459661,0.247045920633226,0.230422653985774,0.296002281168158,0.196274717180383,0.605328640484193
"independent_primary","exact",27,"complete_contribution_nrmse_mean_missing_as_zero","lower",27,0.22621083943712,0.213566599418387,0.201508550491553,0.25472486869737,0.154878215706879,0.344204567008874
"independent_primary","nonexact",45,"signal_nrmse_ppi_selected","lower",45,0.393392861720896,0.383887884070367,0.327693379124853,0.413375528106208,0.314954657972719,0.558783388658427
"independent_primary","nonexact",45,"dense_signal_nrmse_ppi_selected","lower",45,0.488180405020748,0.461421078761262,0.39906455372646,0.527813280077616,0.339410423305413,1.01512980701959
"independent_primary","nonexact",45,"loading_relative_l2_error_mean","lower",45,0.155503348358488,0.135493303882721,0.113691153367388,0.200289032596896,0.0188124957072704,0.389497870168669
"independent_primary","nonexact",45,"feature_total_ise_mean","lower",45,0.18940943081065,0.126709643554577,0.0893832647704424,0.226200345712435,0.0331470900945827,0.53835307340136
"independent_primary","nonexact",45,"feature_estimate_to_projection_ise_mean","lower",45,0.147461421193581,0.0770803325880487,0.0504221159884435,0.169592283882505,0.0127320710232402,0.514884566735673
"independent_primary","nonexact",45,"kernel_relative_ise_mean","lower",45,0.196712905953027,0.159245482863467,0.115686326250168,0.257723395266524,0.0553786162799193,0.755917141583552
"independent_primary","nonexact",45,"covariance_operator_relative_error_mean","lower",45,0.840242426282558,0.731039493350792,0.650072933797493,0.836478894782158,0.542949906312202,3.09293456006284
"independent_primary","nonexact",45,"matched_function_recall_mean","higher",45,0.872807320205941,0.903522287805621,0.853630394523097,0.952241667068611,0.643960817351562,0.975210867206457
"independent_primary","nonexact",45,"matched_trajectory_abs_cor_mean","higher",45,0.967775071604786,0.975194627940842,0.961773895134098,0.983438879910994,0.856983683101893,0.994135721844384
"independent_primary","nonexact",45,"matched_score_abs_cor_mean","higher",45,0.909517107393427,0.932708020595842,0.878155831065385,0.95398504388814,0.680465303394908,0.978504977264391
"independent_primary","nonexact",45,"factor_process_nrmse_mean_missing_as_zero","lower",45,0.515355364643686,0.482061131638755,0.427061360800803,0.558684631138588,0.386446657669838,0.786641754447459
"independent_primary","nonexact",45,"complete_contribution_nrmse_mean_missing_as_zero","lower",45,0.475045828536994,0.435226956490056,0.404321071505038,0.4856781526547,0.354768744224451,0.777505527685068
"independent_primary","frozen_winner",6,"signal_nrmse_ppi_selected","lower",6,0.1669834473419,0.166924629418284,0.158268117658128,0.177873797565061,0.136177872844757,0.194967418351347
"independent_primary","frozen_winner",6,"dense_signal_nrmse_ppi_selected","lower",6,0.254134553070507,0.248817881011675,0.199956092267926,0.283616507587406,0.189919631276931,0.358367045990104
"independent_primary","frozen_winner",6,"loading_relative_l2_error_mean","lower",6,0.12947382616136,0.13657198435963,0.11398130369449,0.138520023404119,0.105701162169777,0.152377379520733
"independent_primary","frozen_winner",6,"feature_total_ise_mean","lower",6,0.0996885329331603,0.0778256238205392,0.0715558888656129,0.0934326272721825,0.0638736276687558,0.210505383319093
"independent_primary","frozen_winner",6,"feature_estimate_to_projection_ise_mean","lower",6,0.0490894461315668,0.0309460494000001,0.0240412383641418,0.0393077497840896,0.0211210688686033,0.147688891189822
"independent_primary","frozen_winner",6,"kernel_relative_ise_mean","lower",6,0.168654464372113,0.157433695084798,0.118703697755119,0.208033615480428,0.0541597435503391,0.312205698255214
"independent_primary","frozen_winner",6,"covariance_operator_relative_error_mean","lower",6,0.506004987297597,0.448593337677467,0.421531800409856,0.590630964845766,0.419651414904048,0.668703704970748
"independent_primary","frozen_winner",6,"matched_function_recall_mean","higher",6,0.930113973336452,0.93374776006491,0.922705033550448,0.943648146007289,0.886156922782678,0.961058997739172
"independent_primary","frozen_winner",6,"matched_trajectory_abs_cor_mean","higher",6,0.977399024367193,0.978222000658518,0.974726699941136,0.980228161043849,0.964597509593697,0.988894154418122
"independent_primary","frozen_winner",6,"matched_score_abs_cor_mean","higher",6,0.954470206408753,0.956487621209415,0.950974267580955,0.960467789215221,0.922584511867448,0.980330489244283
"independent_primary","frozen_winner",6,"factor_process_nrmse_mean_missing_as_zero","lower",6,0.247144886554191,0.245271956012562,0.2348535002611,0.264713827357503,0.196274717180383,0.293475557303209
"independent_primary","frozen_winner",6,"complete_contribution_nrmse_mean_missing_as_zero","lower",6,0.208638379831067,0.209922019884392,0.191410160615868,0.219754755968701,0.154878215706879,0.268836147987576
