"fit_id","fit_config_id","seed_index","final_elbo","practical_converged","role_id","block","study","candidate_id","candidate_factor","factor_ppi","ppi_retained_0_5","expected_active_loading_count","loading_l2","zero_loading_direction","loading_rms","factor_process_rms","complete_contribution_rms","subject_weight","weighted_contribution_energy","rank_cap","effective_M_99pct","weighted_contribution_share"
"g12s6a_01__factor_L3_M2__01","factor_L3_M2",1,-121740.221703815,FALSE,"A","shared",0,"A_1",1,1,TRUE,45.9406579666351,2.4679186181968,FALSE,0.110368675864508,1.03281725843983,0.113990673224015,1,0.0129938735820643,2,2,0.0725617190759184
"g12s6a_01__factor_L3_M2__01","factor_L3_M2",1,-121740.221703815,FALSE,"A","shared",0,"A_2",2,1,TRUE,18.6770075078678,0.71521967478278,FALSE,0.0319855962331918,0.998938000563331,0.0319516275480106,1,0.00102090650296679,2,2,0.00570105060690346
"g12s6a_01__factor_L3_M2__01","factor_L3_M2",1,-121740.221703815,FALSE,"A","shared",0,"A_3",3,2.49095524207377e-08,FALSE,2.49095520990326e-08,0,TRUE,0,0,0,1,0,2,2,0
"g12s6a_01__factor_L3_M2__01","factor_L3_M2",1,-121740.221703815,FALSE,"B1","specific",1,"B1_1",1,1,TRUE,49.0615158558158,7.79373781325557,FALSE,0.348546550985,0.991915720983598,0.345728803416633,0.5,0.0597642027559484,2,2,0.333741379257318
"g12s6a_01__factor_L3_M2__01","factor_L3_M2",1,-121740.221703815,FALSE,"B1","specific",1,"B1_2",2,1,TRUE,50.8921797293023,4.63372492380624,FALSE,0.207226478373316,0.996934257001395,0.206591175248117,0.5,0.0213399568451991,2,2,0.119168771645658
"g12s6a_01__factor_L3_M2__01","factor_L3_M2",1,-121740.221703815,FALSE,"B1","specific",1,"B1_3",3,3.52334595943304e-08,FALSE,3.5233459943716e-08,0,TRUE,0,0,0,0.5,0,2,2,0
"g12s6a_01__factor_L3_M2__01","factor_L3_M2",1,-121740.221703815,FALSE,"B2","specific",2,"B2_1",1,1,TRUE,48.835991801689,7.25966892771799,FALSE,0.324662264330409,1.07301567274511,0.348367697975443,0.5,0.0606800264963547,2,2,0.338855615943917
"g12s6a_01__factor_L3_M2__01","factor_L3_M2",1,-121740.221703815,FALSE,"B2","specific",2,"B2_2",2,1,TRUE,48.8257558536033,4.83119385683597,FALSE,0.216057557527292,0.998585089853134,0.21575185549684,0.5,0.0232744315751646,2,2,0.129971463470286
"g12s6a_01__factor_L3_M2__01","factor_L3_M2",1,-121740.221703815,FALSE,"B2","specific",2,"B2_3",3,3.54054723317176e-08,FALSE,3.54054725884221e-08,0,TRUE,0,0,0,0.5,0,2,2,0
"g12s6a_01__factor_L3_M2__02","factor_L3_M2",2,-122536.676834129,FALSE,"A","shared",0,"A_1",1,1,TRUE,50.2514337555248,9.88822027384137,FALSE,0.442214654176018,1.11618277398736,0.49359237939605,1,0.243633436997854,2,2,0.654260333974491
"g12s6a_01__factor_L3_M2__02","factor_L3_M2",2,-122536.676834129,FALSE,"A","shared",0,"A_2",2,2.50832932202627e-08,FALSE,2.50832937800951e-08,0,TRUE,0,0,0,1,0,2,2,0
"g12s6a_01__factor_L3_M2__02","factor_L3_M2",2,-122536.676834129,FALSE,"A","shared",0,"A_3",3,2.50832932202627e-08,FALSE,2.50832937800788e-08,0,TRUE,0,0,0,1,0,2,2,0
"g12s6a_01__factor_L3_M2__02","factor_L3_M2",2,-122536.676834129,FALSE,"B1","specific",1,"B1_1",1,1,TRUE,49.028013921913,7.82940826711364,FALSE,0.350141782177298,0.992919699235228,0.34766267304917,0.5,0.060434667115847,2,2,0.162293016829211
"g12s6a_01__factor_L3_M2__02","factor_L3_M2",2,-122536.676834129,FALSE,"B1","specific",1,"B1_2",2,3.61825308603514e-08,FALSE,3.61825298500761e-08,0,TRUE,0,0,0,0.5,0,2,2,0
"g12s6a_01__factor_L3_M2__02","factor_L3_M2",2,-122536.676834129,FALSE,"B1","specific",1,"B1_3",3,3.61825308603514e-08,FALSE,3.61825298500753e-08,0,TRUE,0,0,0,0.5,0,2,2,0
"g12s6a_01__factor_L3_M2__02","factor_L3_M2",2,-122536.676834129,FALSE,"B2","specific",2,"B2_1",1,1,TRUE,48.9133255230466,7.28276493201438,FALSE,0.325695149042716,1.0738401601386,0.349744531004396,0.5,0.0611606184837424,2,2,0.16424250779507
"g12s6a_01__factor_L3_M2__02","factor_L3_M2",2,-122536.676834129,FALSE,"B2","specific",2,"B2_2",2,1,TRUE,48.8364434530819,2.69396948412888,FALSE,0.120477977916444,0.99265406647748,0.119592954699742,0.5,0.00715123740690732,2,2,0.0192041414012284
"g12s6a_01__factor_L3_M2__02","factor_L3_M2",2,-122536.676834129,FALSE,"B2","specific",2,"B2_3",3,3.52359320610063e-08,FALSE,3.52359327794228e-08,0,TRUE,0,0,0,0.5,0,2,2,0
"g12s6a_01__factor_L3_M2__03","factor_L3_M2",3,-122580.800309195,TRUE,"A","shared",0,"A_1",1,1,TRUE,49.9736355113351,10.2793659991697,FALSE,0.459707222794871,1.117655862718,0.513794472690495,1,0.263984760167304,2,2,0.674133804256845
"g12s6a_01__factor_L3_M2__03","factor_L3_M2",3,-122580.800309195,TRUE,"A","shared",0,"A_2",2,2.50818785740847e-08,FALSE,2.50818794472273e-08,0,TRUE,0,0,0,1,0,2,2,0
"g12s6a_01__factor_L3_M2__03","factor_L3_M2",3,-122580.800309195,TRUE,"A","shared",0,"A_3",3,2.50818790181739e-08,FALSE,2.5081879648062e-08,0,TRUE,0,0,0,1,0,2,2,0
"g12s6a_01__factor_L3_M2__03","factor_L3_M2",3,-122580.800309195,TRUE,"B1","specific",1,"B1_1",1,1,TRUE,49.3193608984356,7.79335724061938,FALSE,0.348529531259302,0.992977939538717,0.346082135818257,0.5,0.0598864223662633,2,2,0.152931031728935
"g12s6a_01__factor_L3_M2__03","factor_L3_M2",3,-122580.800309195,TRUE,"B1","specific",1,"B1_2",2,3.61817255045693e-08,FALSE,3.61817260225263e-08,0,TRUE,0,0,0,0.5,0,2,2,0
"g12s6a_01__factor_L3_M2__03","factor_L3_M2",3,-122580.800309195,TRUE,"B1","specific",1,"B1_3",3,3.61817255045693e-08,FALSE,3.61817260225117e-08,0,TRUE,0,0,0,0.5,0,2,2,0
"g12s6a_01__factor_L3_M2__03","factor_L3_M2",3,-122580.800309195,TRUE,"B2","specific",2,"B2_1",1,1,TRUE,48.9965494283471,7.25581648827925,FALSE,0.324489978001124,1.07311570207395,0.348215290558638,0.5,0.0606269442894182,2,2,0.154822091125226
"g12s6a_01__factor_L3_M2__03","factor_L3_M2",3,-122580.800309195,TRUE,"B2","specific",2,"B2_2",2,1,TRUE,49.3262125816459,2.68969102931463,FALSE,0.120286639600378,0.990170647778795,0.119104299852241,0.5,0.00709291712164624,2,2,0.0181130728889937
"g12s6a_01__factor_L3_M2__03","factor_L3_M2",3,-122580.800309195,TRUE,"B2","specific",2,"B2_3",3,3.52334449393865e-08,FALSE,3.52334444707767e-08,0,TRUE,0,0,0,0.5,0,2,2,0
"g12s6a_01__factor_L3_M2__04","factor_L3_M2",4,-121314.871705754,FALSE,"A","shared",0,"A_1",1,1,TRUE,50.320946601016,11.5705636945551,FALSE,0.517451339180328,1.13750544836634,0.588603717582081,1,0.346454336351446,2,2,0.72002388422696
"g12s6a_01__factor_L3_M2__04","factor_L3_M2",4,-121314.871705754,FALSE,"A","shared",0,"A_2",2,1,TRUE,48.8199370746801,4.827756943828,FALSE,0.215903854104921,1.05668718536069,0.228142835902654,1,0.0520491535737054,2,2,0.108171928576608
"g12s6a_01__factor_L3_M2__04","factor_L3_M2",4,-121314.871705754,FALSE,"A","shared",0,"A_3",3,1,TRUE,49.270062549198,2.98913923240371,FALSE,0.133678370357325,0.989410850621604,0.132262830124951,1,0.0174934562326616,2,2,0.0363560359435597
"g12s6a_01__factor_L3_M2__04","factor_L3_M2",4,-121314.871705754,FALSE,"B1","specific",1,"B1_1",1,1,TRUE,49.3455779150515,7.76706870744676,FALSE,0.347353872315248,0.99241142986938,0.344717953095041,0.5,0.0594152335930175,2,2,0.123480594078926
"g12s6a_01__factor_L3_M2__04","factor_L3_M2",4,-121314.871705754,FALSE,"B1","specific",1,"B1_2",2,1,TRUE,28.2361738290839,1.79796346912148,FALSE,0.0804073707603394,0.992286864642725,0.0797871778259422,0.5,0.00318299687271426,2,2,0.00661511065472459
"g12s6a_01__factor_L3_M2__04","factor_L3_M2",4,-121314.871705754,FALSE,"B1","specific",1,"B1_3",3,1,TRUE,139.842218758261,0.82442669554398,FALSE,0.0368694826740372,0.981281335597702,0.0361793352011756,0.5,0.000654472147799511,2,2,0.00136016648814272
"g12s6a_01__factor_L3_M2__04","factor_L3_M2",4,-121314.871705754,FALSE,"B2","specific",2,"B2_1",1,1,TRUE,26.9806697318756,1.29309041692246,FALSE,0.0578287614658431,1.07184294665707,0.0619833500910783,0.5,0.00192096784425659,2,2,0.00399228003107933
"g12s6a_01__factor_L3_M2__04","factor_L3_M2",4,-121314.871705754,FALSE,"B2","specific",2,"B2_2",2,3.51982291091346e-08,FALSE,3.51982294489243e-08,0,TRUE,0,0,0,0.5,0,2,2,0
"g12s6a_01__factor_L3_M2__04","factor_L3_M2",4,-121314.871705754,FALSE,"B2","specific",2,"B2_3",3,3.51982291091346e-08,FALSE,3.51982294489242e-08,0,TRUE,0,0,0,0.5,0,2,2,0
"g12s6a_01__factor_L3_M2__05","factor_L3_M2",5,-121359.395510917,FALSE,"A","shared",0,"A_1",1,1,TRUE,49.8580467097445,5.32165008977493,FALSE,0.237991427064092,0.999663460624638,0.237911333577886,1,0.0566018026448083,2,2,0.266571935830918
"g12s6a_01__factor_L3_M2__05","factor_L3_M2",5,-121359.395510917,FALSE,"A","shared",0,"A_2",2,1,TRUE,50.4545517178771,4.38438596874516,FALSE,0.196075701314209,0.991392391331982,0.194387958407989,1,0.037786678374026,2,2,0.177960197946245
"g12s6a_01__factor_L3_M2__05","factor_L3_M2",5,-121359.395510917,FALSE,"A","shared",0,"A_3",3,2.48108477096665e-08,FALSE,2.48108467813695e-08,0,TRUE,0,0,0,1,0,2,2,0
"g12s6a_01__factor_L3_M2__05","factor_L3_M2",5,-121359.395510917,FALSE,"B1","specific",1,"B1_1",1,1,TRUE,49.180643338884,7.82382140817539,FALSE,0.349891930249966,0.992955427054319,0.347427091024215,0.5,0.0603527917887741,2,2,0.284237600008832
"g12s6a_01__factor_L3_M2__05","factor_L3_M2",5,-121359.395510917,FALSE,"B1","specific",1,"B1_2",2,1,TRUE,131.884970014639,1.57841905953207,FALSE,0.0705890462818998,0.98746241175233,0.0697040298848216,0.5,0.00242932589109205,2,2,0.0114411569118458
"g12s6a_01__factor_L3_M2__05","factor_L3_M2",5,-121359.395510917,FALSE,"B1","specific",1,"B1_3",3,3.50547274541313e-08,FALSE,3.50547282468444e-08,0,TRUE,0,0,0,0.5,0,2,2,0
"g12s6a_01__factor_L3_M2__05","factor_L3_M2",5,-121359.395510917,FALSE,"B2","specific",2,"B2_1",1,1,TRUE,49.0496109935804,5.86137792564714,FALSE,0.262128789671274,1.02270345297104,0.26808001831993,0.5,0.0359334481112071,2,2,0.169232221881593
"g12s6a_01__factor_L3_M2__05","factor_L3_M2",5,-121359.395510917,FALSE,"B2","specific",2,"B2_2",2,1,TRUE,48.4281969933072,3.81227719056952,FALSE,0.170490218943708,1.1502286773709,0.196102739040296,0.5,0.0192281421295532,2,2,0.0905568874205663
"g12s6a_01__factor_L3_M2__05","factor_L3_M2",5,-121359.395510917,FALSE,"B2","specific",2,"B2_3",3,3.52996732955191e-08,FALSE,3.52996736703166e-08,0,TRUE,0,0,0,0.5,0,2,2,0
"g12s6a_01__factor_L3_M2__06","factor_L3_M2",6,-121417.826293135,FALSE,"A","shared",0,"A_1",1,1,TRUE,50.5926595729249,9.89022293694368,FALSE,0.442304215992674,1.12162785858686,0.496100730627802,1,0.246115934929439,2,2,0.62673472598729
"g12s6a_01__factor_L3_M2__06","factor_L3_M2",6,-121417.826293135,FALSE,"A","shared",0,"A_2",2,1,TRUE,48.8392040942004,3.92013787357012,FALSE,0.175313895329485,1.017970399181,0.178464356010532,1,0.0318495263662539,2,2,0.0811048832969794
"g12s6a_01__factor_L3_M2__06","factor_L3_M2",6,-121417.826293135,FALSE,"A","shared",0,"A_3",3,2.48299361071957e-08,FALSE,2.48299364464415e-08,0,TRUE,0,0,0,1,0,2,2,0
"g12s6a_01__factor_L3_M2__06","factor_L3_M2",6,-121417.826293135,FALSE,"B1","specific",1,"B1_1",1,1,TRUE,49.2648982147412,7.71491610369598,FALSE,0.345021536971441,0.991270457808485,0.342009656907467,0.5,0.0584853027089817,2,2,0.148932941615935
"g12s6a_01__factor_L3_M2__06","factor_L3_M2",6,-121417.826293135,FALSE,"B1","specific",1,"B1_2",2,1,TRUE,32.5692797991044,2.30285560941821,FALSE,0.102986833700516,0.997962345280752,0.102776982092806,0.5,0.00528155402405249,2,2,0.0134494880024758
"g12s6a_01__factor_L3_M2__06","factor_L3_M2",6,-121417.826293135,FALSE,"B1","specific",1,"B1_3",3,3.51284331623347e-08,FALSE,3.51284341680288e-08,0,TRUE,0,0,0,0.5,0,2,2,0
"g12s6a_01__factor_L3_M2__06","factor_L3_M2",6,-121417.826293135,FALSE,"B2","specific",2,"B2_1",1,1,TRUE,49.0278462771923,6.06027244959759,FALSE,0.271023623189388,1.03124406129834,0.279491501885616,0.5,0.0390577498131387,2,2,0.0994606388807603
"g12s6a_01__factor_L3_M2__06","factor_L3_M2",6,-121417.826293135,FALSE,"B2","specific",2,"B2_2",2,1,TRUE,42.6904313821471,3.03052677540529,FALSE,0.135529277548789,1.1385583209477,0.154307986685205,0.5,0.0119054773774207,2,2,0.0303173222165597
"g12s6a_01__factor_L3_M2__06","factor_L3_M2",6,-121417.826293135,FALSE,"B2","specific",2,"B2_3",3,3.52482545373789e-08,FALSE,3.52482555064096e-08,0,TRUE,0,0,0,0.5,0,2,2,0
"g12s6a_01__factor_L3_M2__07","factor_L3_M2",7,-121231.868601702,FALSE,"A","shared",0,"A_1",1,1,TRUE,50.942982083676,11.5615853961594,FALSE,0.517049817469627,1.1397027133953,0.58928307993068,1,0.347254548292589,2,2,0.685444397965327
"g12s6a_01__factor_L3_M2__07","factor_L3_M2",7,-121231.868601702,FALSE,"A","shared",0,"A_2",2,1,TRUE,48.8983648074056,3.31260485891954,FALSE,0.148144192942804,0.992957889668921,0.147100945191192,1,0.021638688076142,2,2,0.0427125219641859
"g12s6a_01__factor_L3_M2__07","factor_L3_M2",7,-121231.868601702,FALSE,"A","shared",0,"A_3",3,1,TRUE,40.5865345967539,2.63423559731465,FALSE,0.117806597286907,0.992389342184567,0.116910011586555,1,0.0136679508091685,2,2,0.0269791147729372
"g12s6a_01__factor_L3_M2__07","factor_L3_M2",7,-121231.868601702,FALSE,"B1","specific",1,"B1_1",1,1,TRUE,49.3544006340627,7.84782377339402,FALSE,0.350965348654958,0.989891932898063,0.3474177673603,0.5,0.0603495525388076,2,2,0.119123746285925
"g12s6a_01__factor_L3_M2__07","factor_L3_M2",7,-121231.868601702,FALSE,"B1","specific",1,"B1_2",2,3.51397309028556e-08,FALSE,3.51397320266664e-08,0,TRUE,0,0,0,0.5,0,2,2,0
"g12s6a_01__factor_L3_M2__07","factor_L3_M2",7,-121231.868601702,FALSE,"B1","specific",1,"B1_3",3,3.51397309028556e-08,FALSE,3.513973202668e-08,0,TRUE,0,0,0,0.5,0,2,2,0
"g12s6a_01__factor_L3_M2__07","factor_L3_M2",7,-121231.868601702,FALSE,"B2","specific",2,"B2_1",1,1,TRUE,48.887921152545,7.26362078817682,FALSE,0.324838996902879,1.07313089879582,0.34859476471032,0.5,0.0607591549917218,2,2,0.119932258969555
"g12s6a_01__factor_L3_M2__07","factor_L3_M2",7,-121231.868601702,FALSE,"B2","specific",2,"B2_2",2,1,TRUE,211.299148883138,1.73686905131851,FALSE,0.0776751453352753,0.987603428499111,0.0767122398422846,0.5,0.0029423838708101,2,2,0.00580796004206969
"g12s6a_01__factor_L3_M2__07","factor_L3_M2",7,-121231.868601702,FALSE,"B2","specific",2,"B2_3",3,3.50289264261505e-08,FALSE,3.50289267964155e-08,0,TRUE,0,0,0,0.5,0,2,2,0
"g12s6a_01__factor_L3_M2__08","factor_L3_M2",8,-121446.477826322,TRUE,"A","shared",0,"A_1",1,1,TRUE,50.2508548231794,5.74997412082104,FALSE,0.257146660060409,1.00314002731492,0.257954107596937,1,0.0665403216261324,2,2,0.342556987770915
"g12s6a_01__factor_L3_M2__08","factor_L3_M2",8,-121446.477826322,TRUE,"A","shared",0,"A_2",2,1,TRUE,48.4166834444377,2.76308195935021,FALSE,0.123568781770208,1.1495791402618,0.142052093910593,1,0.0201787973843838,2,2,0.103882696685365
"g12s6a_01__factor_L3_M2__08","factor_L3_M2",8,-121446.477826322,TRUE,"A","shared",0,"A_3",3,2.48743927677708e-08,FALSE,2.48743936305811e-08,0,TRUE,0,0,0,1,0,2,2,0
"g12s6a_01__factor_L3_M2__08","factor_L3_M2",8,-121446.477826322,TRUE,"B1","specific",1,"B1_1",1,1,TRUE,49.2340435941473,7.81441268551553,FALSE,0.349471159380988,0.992945866564425,0.34700594319083,0.5,0.0602065623048786,2,2,0.309950089256879
"g12s6a_01__factor_L3_M2__08","factor_L3_M2",8,-121446.477826322,TRUE,"B1","specific",1,"B1_2",2,1,TRUE,38.1532917351499,1.94156974744588,FALSE,0.0868296387669217,0.991576092009119,0.0860981938790678,0.5,0.00370644949461877,2,2,0.0190812148660099
"g12s6a_01__factor_L3_M2__08","factor_L3_M2",8,-121446.477826322,TRUE,"B1","specific",1,"B1_3",3,3.53670487340807e-08,FALSE,3.53670492260925e-08,0,TRUE,0,0,0,0.5,0,2,2,0
"g12s6a_01__factor_L3_M2__08","factor_L3_M2",8,-121446.477826322,TRUE,"B2","specific",2,"B2_1",1,1,TRUE,49.0094760119106,5.81331449481985,FALSE,0.259979327700041,1.02437707677534,0.266316863731387,0.5,0.035462335953861,2,2,0.182564055700386
"g12s6a_01__factor_L3_M2__08","factor_L3_M2",8,-121446.477826322,TRUE,"B2","specific",2,"B2_2",2,1,TRUE,250.087211507484,2.62279463569717,FALSE,0.117294941928814,1.0885669139701,0.127683392959751,0.5,0.00815152441885709,2,2,0.041964955720444
"g12s6a_01__factor_L3_M2__08","factor_L3_M2",8,-121446.477826322,TRUE,"B2","specific",2,"B2_3",3,3.51739554149688e-08,FALSE,3.51739556597714e-08,0,TRUE,0,0,0,0.5,0,2,2,0
"g12s6a_01__factor_L3_M2__09","factor_L3_M2",9,-121245.972119726,FALSE,"A","shared",0,"A_1",1,1,TRUE,50.3551912567644,10.8597055470909,FALSE,0.485660796378537,1.13639905118994,0.551904468204718,1,0.304598542024332,2,2,0.689746461963257
"g12s6a_01__factor_L3_M2__09","factor_L3_M2",9,-121245.972119726,FALSE,"A","shared",0,"A_2",2,1,TRUE,50.1407929465627,3.19720644264646,FALSE,0.142983418877155,1.01095432522831,0.144549705749791,1,0.0208946174323513,2,2,0.0473146993818796
"g12s6a_01__factor_L3_M2__09","factor_L3_M2",9,-121245.972119726,FALSE,"A","shared",0,"A_3",3,1,TRUE,43.7619583530246,2.62960317339772,FALSE,0.11759942899133,1.15281069909668,0.135569879948865,1,0.0183791923493497,2,2,0.0416186591454316
"g12s6a_01__factor_L3_M2__09","factor_L3_M2",9,-121245.972119726,FALSE,"B1","specific",1,"B1_1",1,1,TRUE,49.1408571544909,7.81528714132105,FALSE,0.349510266233478,0.992952190713184,0.34704698453328,0.5,0.0602208047368213,2,2,0.136366663897178
"g12s6a_01__factor_L3_M2__09","factor_L3_M2",9,-121245.972119726,FALSE,"B1","specific",1,"B1_2",2,3.52662656855074e-08,FALSE,3.5266265718974e-08,0,TRUE,0,0,0,0.5,0,2,2,0
"g12s6a_01__factor_L3_M2__09","factor_L3_M2",9,-121245.972119726,FALSE,"B1","specific",1,"B1_3",3,3.52662656855074e-08,FALSE,3.52662657189682e-08,0,TRUE,0,0,0,0.5,0,2,2,0
"g12s6a_01__factor_L3_M2__09","factor_L3_M2",9,-121245.972119726,FALSE,"B2","specific",2,"B2_1",1,1,TRUE,49.0174108854818,5.98927660679722,FALSE,0.267848592576957,1.02266990664258,0.273920695165024,0.5,0.0375162736198451,2,2,0.0849535156122531
"g12s6a_01__factor_L3_M2__09","factor_L3_M2",9,-121245.972119726,FALSE,"B2","specific",2,"B2_2",2,3.52216722454557e-08,FALSE,3.52216735274478e-08,0,TRUE,0,0,0,0.5,0,2,2,0
"g12s6a_01__factor_L3_M2__09","factor_L3_M2",9,-121245.972119726,FALSE,"B2","specific",2,"B2_3",3,3.52216722454557e-08,FALSE,3.52216735274479e-08,0,TRUE,0,0,0,0.5,0,2,2,0
"g12s6a_01__factor_L3_M2__10","factor_L3_M2",10,-121848.443426217,FALSE,"A","shared",0,"A_1",1,1,TRUE,50.3916183989449,5.55619582575865,FALSE,0.248480631253939,1.0009656376157,0.24872057349825,1,0.0618619236812982,2,2,0.212581372836875
"g12s6a_01__factor_L3_M2__10","factor_L3_M2",10,-121848.443426217,FALSE,"A","shared",0,"A_2",2,1,TRUE,46.3765974139129,3.12494111988262,FALSE,0.139751615394837,1.14735717174607,0.160345018186364,1,0.0257105248571855,2,2,0.0883512562372742
"g12s6a_01__factor_L3_M2__10","factor_L3_M2",10,-121848.443426217,FALSE,"A","shared",0,"A_3",3,2.47982065992858e-08,FALSE,2.47982067878168e-08,0,TRUE,0,0,0,1,0,2,2,0
"g12s6a_01__factor_L3_M2__10","factor_L3_M2",10,-121848.443426217,FALSE,"B1","specific",1,"B1_1",1,1,TRUE,49.2545983501951,7.8054670465124,FALSE,0.349071098242725,0.992824817712918,0.346566449481681,0.5,0.0600541519531694,2,2,0.206369173589384
"g12s6a_01__factor_L3_M2__10","factor_L3_M2",10,-121848.443426217,FALSE,"B1","specific",1,"B1_2",2,1,TRUE,44.1837710093373,3.87487018051701,FALSE,0.173289462552458,0.996698625614113,0.172717369159444,0.5,0.0149156448046798,2,2,0.0512558947513719
"g12s6a_01__factor_L3_M2__10","factor_L3_M2",10,-121848.443426217,FALSE,"B1","specific",1,"B1_3",3,3.52639563105939e-08,FALSE,3.52639574905935e-08,0,TRUE,0,0,0,0.5,0,2,2,0
"g12s6a_01__factor_L3_M2__10","factor_L3_M2",10,-121848.443426217,FALSE,"B2","specific",2,"B2_1",1,1,TRUE,42.7344773550579,8.93650453048346,FALSE,0.399652632227917,1.06834540305793,0.426967052460696,0.5,0.0911504319434875,2,2,0.313227956780766
"g12s6a_01__factor_L3_M2__10","factor_L3_M2",10,-121848.443426217,FALSE,"B2","specific",2,"B2_2",2,1,TRUE,48.6770303116953,5.82764969090309,FALSE,0.260620417158299,1.02814860934529,0.267956519468293,0.5,0.0359003481627809,2,2,0.123367409928653
"g12s6a_01__factor_L3_M2__10","factor_L3_M2",10,-121848.443426217,FALSE,"B2","specific",2,"B2_3",3,1,TRUE,200.021598096239,1.21243411649407,FALSE,0.0542217020544129,0.979545458398059,0.0531126219940129,0.5,0.00141047530753945,2,2,0.00484693587567657
"g12s6a_01__factor_L3_M2__11","factor_L3_M2",11,-121264.878006121,FALSE,"A","shared",0,"A_1",1,1,TRUE,50.1686588618099,6.590479432128,FALSE,0.294735200291048,0.998162140218417,0.294193518320217,1,0.0865498262216278,2,2,0.326887373590959
"g12s6a_01__factor_L3_M2__11","factor_L3_M2",11,-121264.878006121,FALSE,"A","shared",0,"A_2",2,1,TRUE,50.2557242621994,4.9332340793675,FALSE,0.220620935007686,1.09901170861421,0.242464990738862,1,0.0587892717339963,2,2,0.222039390157077
"g12s6a_01__factor_L3_M2__11","factor_L3_M2",11,-121264.878006121,FALSE,"A","shared",0,"A_3",3,2.47990067370196e-08,FALSE,2.47990066755357e-08,0,TRUE,0,0,0,1,0,2,2,0
"g12s6a_01__factor_L3_M2__11","factor_L3_M2",11,-121264.878006121,FALSE,"B1","specific",1,"B1_1",1,1,TRUE,49.1770553483886,7.81996642576271,FALSE,0.349719530195429,0.99293866496817,0.347250043425545,0.5,0.0602912963295215,2,2,0.227712340601171
"g12s6a_01__factor_L3_M2__11","factor_L3_M2",11,-121264.878006121,FALSE,"B1","specific",1,"B1_2",2,1,TRUE,57.0230039218296,1.71675324602642,FALSE,0.0767755391741701,1.00800758588679,0.0773903258981115,0.5,0.00299463127130796,2,2,0.0113103306371122
"g12s6a_01__factor_L3_M2__11","factor_L3_M2",11,-121264.878006121,FALSE,"B1","specific",1,"B1_3",3,3.50826789841108e-08,FALSE,3.50826790229737e-08,0,TRUE,0,0,0,0.5,0,2,2,0
"g12s6a_01__factor_L3_M2__11","factor_L3_M2",11,-121264.878006121,FALSE,"B2","specific",2,"B2_1",1,1,TRUE,48.8038068448904,6.02241652274894,FALSE,0.269330654673691,1.02148308124336,0.275116707009374,0.5,0.0378446012378408,2,2,0.14293410909407
"g12s6a_01__factor_L3_M2__11","factor_L3_M2",11,-121264.878006121,FALSE,"B2","specific",2,"B2_2",2,1,TRUE,46.2423162783993,3.76055983300015,FALSE,0.168177348400872,1.13755460956789,0.191310917898316,0.5,0.0182999336535481,2,2,0.0691164559196111
"g12s6a_01__factor_L3_M2__11","factor_L3_M2",11,-121264.878006121,FALSE,"B2","specific",2,"B2_3",3,3.52448044083076e-08,FALSE,3.52448047727301e-08,0,TRUE,0,0,0,0.5,0,2,2,0
"g12s6a_01__factor_L3_M2__12","factor_L3_M2",12,-121588.596138461,TRUE,"A","shared",0,"A_1",1,1,TRUE,50.404990654679,5.61129671858765,FALSE,0.25094481809367,1.00196734551216,0.251438513255347,1,0.0632213259480592,2,2,0.305735364814437
"g12s6a_01__factor_L3_M2__12","factor_L3_M2",12,-121588.596138461,TRUE,"A","shared",0,"A_2",2,2.48580632744577e-08,FALSE,2.48580624657018e-08,0,TRUE,0,0,0,1,0,2,2,0
"g12s6a_01__factor_L3_M2__12","factor_L3_M2",12,-121588.596138461,TRUE,"A","shared",0,"A_3",3,2.48580632744577e-08,FALSE,2.48580624657034e-08,0,TRUE,0,0,0,1,0,2,2,0
"g12s6a_01__factor_L3_M2__12","factor_L3_M2",12,-121588.596138461,TRUE,"B1","specific",1,"B1_1",1,1,TRUE,49.1545285752024,7.84157317833968,FALSE,0.350685813546132,0.993005227063253,0.348232845908238,0.5,0.0606330574846755,2,2,0.293218620013158
"g12s6a_01__factor_L3_M2__12","factor_L3_M2",12,-121588.596138461,TRUE,"B1","specific",1,"B1_2",2,1,TRUE,42.3596083100133,5.00875132758772,FALSE,0.223998169017569,0.985215451863312,0.220686457305199,0.5,0.0243512562189597,2,2,0.117761532080331
"g12s6a_01__factor_L3_M2__12","factor_L3_M2",12,-121588.596138461,TRUE,"B1","specific",1,"B1_3",3,1,TRUE,191.779803581208,1.91985397944292,FALSE,0.0858584800981569,0.985318505740574,0.0845979493154728,0.5,0.00357840651419165,2,2,0.0173050059400775
"g12s6a_01__factor_L3_M2__12","factor_L3_M2",12,-121588.596138461,TRUE,"B2","specific",2,"B2_1",1,1,TRUE,48.9424397109453,5.87171968130706,FALSE,0.26259128704452,1.02006574255581,0.267860376207754,0.5,0.0358745905710797,2,2,0.173487836127143
"g12s6a_01__factor_L3_M2__12","factor_L3_M2",12,-121588.596138461,TRUE,"B2","specific",2,"B2_2",2,1,TRUE,47.4747364099444,3.80271034129745,FALSE,0.17006237643765,1.15005062479958,0.195580342277021,0.5,0.0191258351425984,2,2,0.0924916410248527
"g12s6a_01__factor_L3_M2__12","factor_L3_M2",12,-121588.596138461,TRUE,"B2","specific",2,"B2_3",3,3.55366652771139e-08,FALSE,3.553666677412e-08,0,TRUE,0,0,0,0.5,0,2,2,0
"g12s6a_01__fpca_L1_M4__01","fpca_L1_M4",1,-120545.844841676,FALSE,"A","shared",0,"A_1",1,1,TRUE,50.9441560665459,10.3940544849845,FALSE,0.464836247805237,1.05298649698882,0.489466292249862,1,0.239577251248827,4,4,0.661171214615021
"g12s6a_01__fpca_L1_M4__01","fpca_L1_M4",1,-120545.844841676,FALSE,"B1","specific",1,"B1_1",1,1,TRUE,49.45392384341,8.18403654974866,FALSE,0.366001241111617,0.987566264099955,0.361450478340546,0.5,0.0653232241463049,4,4,0.180275194018835
"g12s6a_01__fpca_L1_M4__01","fpca_L1_M4",1,-120545.844841676,FALSE,"B2","specific",2,"B2_1",1,1,TRUE,48.8951247922873,7.17467875194207,FALSE,0.320861388121316,1.05645597032984,0.338975929129085,0.5,0.0574523402644632,4,4,0.158553591366144
"g12s6a_01__fpca_L1_M4__02","fpca_L1_M4",2,-129592.781037321,TRUE,"A","shared",0,"A_1",1,1,TRUE,49.3054039335313,5.57775047525951,FALSE,0.24944458448424,0.988470062576827,0.246568504034588,1,0.0607960271818545,4,3,0.466076886088569
"g12s6a_01__fpca_L1_M4__02","fpca_L1_M4",2,-129592.781037321,TRUE,"B1","specific",1,"B1_1",1,1,TRUE,50.505847610283,5.94256551263151,FALSE,0.265759608939799,1.0000561215336,0.265774523776621,0.5,0.0353180487443448,4,4,0.270756609346368
"g12s6a_01__fpca_L1_M4__02","fpca_L1_M4",2,-129592.781037321,TRUE,"B2","specific",2,"B2_1",1,1,TRUE,49.5755222304422,5.9171185338921,FALSE,0.264621585454133,0.990179325313879,0.262022822948462,0.5,0.0343279798729405,4,4,0.263166504565063
"g12s6a_01__fpca_L1_M4__03","fpca_L1_M4",3,-120458.556449812,FALSE,"A","shared",0,"A_1",1,1,TRUE,50.4883109635991,10.210031332473,FALSE,0.456606482236246,1.08746468113963,0.496543422611329,1,0.246555370538572,4,4,0.653990065882955
"g12s6a_01__fpca_L1_M4__03","fpca_L1_M4",3,-120458.556449812,FALSE,"B1","specific",1,"B1_1",1,1,TRUE,49.4084006788831,8.35730679845785,FALSE,0.373750122203457,0.996960340786554,0.372614049200975,0.5,0.0694206148309734,4,4,0.184138728626237
"g12s6a_01__fpca_L1_M4__03","fpca_L1_M4",3,-120458.556449812,FALSE,"B2","specific",2,"B2_1",1,1,TRUE,48.7951038989219,7.31663052978982,FALSE,0.327209664617207,1.06769038898168,0.349358614093709,0.5,0.0610257206207386,4,4,0.161871205490808
"g12s6a_01__fpca_L1_M4__04","fpca_L1_M4",4,-129560.739163198,TRUE,"A","shared",0,"A_1",1,1,TRUE,48.8448918722168,5.13361432086988,FALSE,0.229582211834629,1.06195556270038,0.243806106954842,1,0.0594414177884758,4,3,0.162069973564848
"g12s6a_01__fpca_L1_M4__04","fpca_L1_M4",4,-129560.739163198,TRUE,"B1","specific",1,"B1_1",1,1,TRUE,73.9461905634749,8.02696253949485,FALSE,0.358976677823096,1.0599850822264,0.380509923359674,0.5,0.0723939008875926,4,4,0.197385561105898
"g12s6a_01__fpca_L1_M4__04","fpca_L1_M4",4,-129560.739163198,TRUE,"B2","specific",2,"B2_1",1,1,TRUE,49.3118512748099,14.3293370639981,FALSE,0.640827434952138,1.06965036106969,0.685461297179916,0.5,0.234928594965787,4,4,0.640544465329254
"g12s6a_01__fpca_L1_M4__05","fpca_L1_M4",5,-120410.321380544,TRUE,"A","shared",0,"A_1",1,1,TRUE,50.8050243881803,11.2081242070501,FALSE,0.5012425525445,1.05492915607687,0.528775382945584,1,0.27960340560925,4,4,0.679782136460571
"g12s6a_01__fpca_L1_M4__05","fpca_L1_M4",5,-120410.321380544,TRUE,"B1","specific",1,"B1_1",1,1,TRUE,49.4831637564688,8.65757553201667,FALSE,0.387178548198564,0.991964466655246,0.384067362064141,0.5,0.0737538693014538,4,4,0.179313133674926
"g12s6a_01__fpca_L1_M4__05","fpca_L1_M4",5,-120410.321380544,TRUE,"B2","specific",2,"B2_1",1,1,TRUE,48.8683818302784,7.21321942791419,FALSE,0.322584979548765,1.05540706389267,0.340458466121439,0.5,0.0579559835768816,4,3,0.140904729864503
"g12s6a_01__fpca_L1_M4__06","fpca_L1_M4",6,-120829.24746105,FALSE,"A","shared",0,"A_1",1,1,TRUE,50.4712181115292,7.77020010993482,FALSE,0.347493912891812,1.01858235694116,0.353951168816048,1,0.125281429906246,4,4,0.495025443346489
"g12s6a_01__fpca_L1_M4__06","fpca_L1_M4",6,-120829.24746105,FALSE,"B1","specific",1,"B1_1",1,1,TRUE,49.4708627863653,8.371565806876,FALSE,0.374387804445752,0.991150028594803,0.371074483081953,0.5,0.0688481359972692,4,4,0.272040150492633
"g12s6a_01__fpca_L1_M4__06","fpca_L1_M4",6,-120829.24746105,FALSE,"B2","specific",2,"B2_1",1,1,TRUE,48.9629200893465,7.21943638721684,FALSE,0.322863010421047,1.06351376901894,0.343369257089688,0.5,0.0589512233571622,4,4,0.232934406160878
"g12s6a_01__fpca_L1_M4__07","fpca_L1_M4",7,-120430.221231531,TRUE,"A","shared",0,"A_1",1,1,TRUE,50.3933756106474,11.3782274726343,FALSE,0.508849801845319,1.10647053951955,0.563027314782209,1,0.316999757190864,4,4,0.692728092323609
"g12s6a_01__fpca_L1_M4__07","fpca_L1_M4",7,-120430.221231531,TRUE,"B1","specific",1,"B1_1",1,1,TRUE,49.3586708081456,8.15242916109961,FALSE,0.364587715719406,0.99072444701973,0.361205963046295,0.5,0.0652348738701008,4,4,0.14255540802133
"g12s6a_01__fpca_L1_M4__07","fpca_L1_M4",7,-120430.221231531,TRUE,"B2","specific",2,"B2_1",1,1,TRUE,48.7320146075567,8.07685731671507,FALSE,0.361208040094829,1.07491520525231,0.388268014557319,0.5,0.0753760255641413,4,4,0.16471649965506
"g12s6a_01__fpca_L1_M4__08","fpca_L1_M4",8,-120446.101535161,FALSE,"A","shared",0,"A_1",1,1,TRUE,50.7128819347432,10.1876956272413,FALSE,0.455607599131778,1.08390611238128,0.493835861546297,1,0.243873858149173,4,4,0.648595494872775
"g12s6a_01__fpca_L1_M4__08","fpca_L1_M4",8,-120446.101535161,FALSE,"B1","specific",1,"B1_1",1,1,TRUE,49.2804629073762,8.42930839381815,FALSE,0.376970131437739,0.997742696619302,0.376119195485622,0.5,0.0707328246063758,4,4,0.188117708587115
"g12s6a_01__fpca_L1_M4__08","fpca_L1_M4",8,-120446.101535161,FALSE,"B2","specific",2,"B2_1",1,1,TRUE,48.9004131464815,7.35414630571312,FALSE,0.32888742112107,1.06546436584926,0.350417827580558,0.5,0.0613963269431388,4,3,0.163286796540111
"g12s6a_01__fpca_L1_M4__09","fpca_L1_M4",9,-120539.219049552,FALSE,"A","shared",0,"A_1",1,1,TRUE,50.497600338813,8.40157876360305,FALSE,0.375730024674701,1.05590010552179,0.396733372701721,1,0.157397369015282,4,4,0.500246760484566
"g12s6a_01__fpca_L1_M4__09","fpca_L1_M4",9,-120539.219049552,FALSE,"B1","specific",1,"B1_1",1,1,TRUE,49.6038865378486,9.54838219835783,FALSE,0.42701663341354,1.03053831840736,0.440057003329961,0.5,0.0968250830898726,4,3,0.307733442130502
"g12s6a_01__fpca_L1_M4__09","fpca_L1_M4",9,-120539.219049552,FALSE,"B2","specific",2,"B2_1",1,1,TRUE,48.903730881702,7.33352208146216,FALSE,0.327965077772903,1.05990512326451,0.347611866183342,0.5,0.0604170047557329,4,3,0.192019797384932
"g12s6a_01__fpca_L1_M4__10","fpca_L1_M4",10,-129532.298793229,TRUE,"A","shared",0,"A_1",1,1,TRUE,48.6993122309952,5.03249033915158,FALSE,0.225059809889078,1.05390574035884,0.23719182556617,1,0.0562599621154123,4,3,0.176159911831146
"g12s6a_01__fpca_L1_M4__10","fpca_L1_M4",10,-129532.298793229,TRUE,"B1","specific",1,"B1_1",1,1,TRUE,74.2913316851112,8.01754720596847,FALSE,0.35855561130718,0.998804394419952,0.358126920217544,0.5,0.0641274454922516,4,4,0.200794396567447
"g12s6a_01__fpca_L1_M4__10","fpca_L1_M4",10,-129532.298793229,TRUE,"B2","specific",2,"B2_1",1,1,TRUE,49.8531954045547,12.8379998612541,FALSE,0.574132807697939,1.09877496957588,0.630842758310817,0.5,0.1989812928566,4,4,0.623045691601408
"g12s6a_01__fpca_L1_M4__11","fpca_L1_M4",11,-120409.930568155,TRUE,"A","shared",0,"A_1",1,1,TRUE,50.5908781342537,10.7162055456226,FALSE,0.479243281217445,1.0855370129487,0.520236319968521,1,0.270645828614389,4,4,0.684457102874047
"g12s6a_01__fpca_L1_M4__11","fpca_L1_M4",11,-120409.930568155,TRUE,"B1","specific",1,"B1_1",1,1,TRUE,49.5451168835522,8.2817094419905,FALSE,0.370369305643852,0.995439834917076,0.368680360468468,0.5,0.0679626040975798,4,4,0.171875869443687
"g12s6a_01__fpca_L1_M4__11","fpca_L1_M4",11,-120409.930568155,TRUE,"B2","specific",2,"B2_1",1,1,TRUE,48.9414394614156,7.12740096189066,FALSE,0.318747061073698,1.05748669916696,0.337070777483995,0.5,0.0568083545168326,4,4,0.143667027682265
"g12s6a_01__fpca_L1_M4__12","fpca_L1_M4",12,-129260.864839634,FALSE,"A","shared",0,"A_1",1,1,TRUE,49.0726239216714,5.76546325261549,FALSE,0.257839355092506,0.983244653557761,0.253519167371487,1,0.0642719682247321,4,4,0.316621196139783
"g12s6a_01__fpca_L1_M4__12","fpca_L1_M4",12,-129260.864839634,FALSE,"B1","specific",1,"B1_1",1,1,TRUE,50.5816656340419,8.46435844171552,FALSE,0.378537617232002,1.055688674293,0.399617875305681,0.5,0.0798472231319135,4,4,0.39334913796429
"g12s6a_01__fpca_L1_M4__12","fpca_L1_M4",12,-129260.864839634,FALSE,"B2","specific",2,"B2_1",1,1,TRUE,49.4866210036377,7.6675785727192,FALSE,0.342904538228419,1.00069973158861,0.343144479365693,0.5,0.0588740668595763,4,4,0.290029665895926
"g12s6a_01__truth_L1_M2__01","truth_L1_M2",1,-123435.846318125,TRUE,"A","shared",0,"A_1",1,1,TRUE,49.9894823482406,8.86771895792784,FALSE,0.396576447905805,1.10048711401221,0.436427270641073,1,0.190468762559216,2,2,0.612398970897807
"g12s6a_01__truth_L1_M2__01","truth_L1_M2",1,-123435.846318125,TRUE,"B1","specific",1,"B1_1",1,1,TRUE,49.3002712093516,7.81020828559535,FALSE,0.349283132900466,0.992465465811503,0.346651447194162,0.5,0.0600836129209034,2,2,0.193182032718588
"g12s6a_01__truth_L1_M2__01","truth_L1_M2",1,-123435.846318125,TRUE,"B2","specific",2,"B2_1",1,1,TRUE,49.1429152769816,7.24718447667905,FALSE,0.324103942706712,1.07298755804677,0.347759498038206,0.5,0.0604683342378925,2,2,0.194418996383605
"g12s6a_01__truth_L1_M2__02","truth_L1_M2",2,-129888.861774087,TRUE,"A","shared",0,"A_1",1,1,TRUE,50.1656727131264,5.63144017970606,FALSE,0.251845661060928,1.00391581233777,0.252831841407724,1,0.0639239400296203,2,2,0.515806792615161
"g12s6a_01__truth_L1_M2__02","truth_L1_M2",2,-129888.861774087,TRUE,"B1","specific",1,"B1_1",1,1,TRUE,49.2178148932221,7.80147814932166,FALSE,0.34889270933725,0.992934701842192,0.346427678320696,0.5,0.0600060681533339,2,2,0.484193207384839
"g12s6a_01__truth_L1_M2__02","truth_L1_M2",2,-129888.861774087,TRUE,"B2","specific",2,"B2_1",1,4.14658242187116e-08,FALSE,4.14658246541055e-08,0,TRUE,0,0,0,0.5,0,2,2,0
"g12s6a_01__truth_L1_M2__03","truth_L1_M2",3,-121854.617291575,TRUE,"A","shared",0,"A_1",1,1,TRUE,50.2257825774287,5.63826752923964,FALSE,0.252150989414193,1.00391171713214,0.25313733275937,1,0.0640785092365281,2,2,0.343865207254004
"g12s6a_01__truth_L1_M2__03","truth_L1_M2",3,-121854.617291575,TRUE,"B1","specific",1,"B1_1",1,1,TRUE,48.9210912097455,7.8464491998839,FALSE,0.350903875858785,0.992894160468972,0.348410409226117,0.5,0.060694906628555,2,2,0.325707743450327
"g12s6a_01__truth_L1_M2__03","truth_L1_M2",3,-121854.617291575,TRUE,"B2","specific",2,"B2_1",1,1,TRUE,48.7221165820578,7.30495992517526,FALSE,0.326687739312073,1.07419231323676,0.350925458397724,0.5,0.0615743386758264,2,2,0.33042704929567
"g12s6a_01__truth_L1_M2__04","truth_L1_M2",4,-131145.818553626,TRUE,"A","shared",0,"A_1",1,1,TRUE,48.4429547592681,5.19375706599709,FALSE,0.232271877163787,1.07360466263983,0.249368170323147,1,0.0621844843703142,2,2,0.271330652577585
"g12s6a_01__truth_L1_M2__04","truth_L1_M2",4,-131145.818553626,TRUE,"B1","specific",1,"B1_1",1,1,TRUE,78.8855090883448,5.99689966848355,FALSE,0.268189506259503,1.00203703635096,0.268735818032699,0.5,0.036109469946852,2,2,0.157557084281095
"g12s6a_01__truth_L1_M2__04","truth_L1_M2",4,-131145.818553626,TRUE,"B2","specific",2,"B2_1",1,1,TRUE,48.6782739681675,10.2603841399521,FALSE,0.45885832824387,1.11503554294732,0.511643345169303,0.5,0.130889456328017,2,2,0.57111226314132
"g12s6a_01__truth_L1_M2__05","truth_L1_M2",5,-125762.346629785,TRUE,"A","shared",0,"A_1",1,1,TRUE,50.270302150777,8.93777932876999,FALSE,0.399709642940443,1.10149556307531,0.440278398217313,1,0.193845067936803,2,2,0.382479119284356
"g12s6a_01__truth_L1_M2__05","truth_L1_M2",5,-125762.346629785,TRUE,"B1","specific",1,"B1_1",1,1,TRUE,48.9842613327638,15.2611227909423,FALSE,0.682498159470368,1.04053692521041,0.710164536317063,0.5,0.252166834321214,2,2,0.49755482422357
"g12s6a_01__truth_L1_M2__05","truth_L1_M2",5,-125762.346629785,TRUE,"B2","specific",2,"B2_1",1,1,TRUE,48.8258825562175,7.26569792628004,FALSE,0.324931889342829,1.07318690801828,0.348712649640369,0.5,0.0608002560096032,2,2,0.119966056492074
"g12s6a_01__truth_L1_M2__06","truth_L1_M2",6,-130050.161960228,TRUE,"A","shared",0,"A_1",1,1,TRUE,50.4135591168272,5.62097986720253,FALSE,0.251377861664452,1.00391609800239,0.252362282006361,1,0.0636867213794579,2,2,0.509231458607689
"g12s6a_01__truth_L1_M2__06","truth_L1_M2",6,-130050.161960228,TRUE,"B1","specific",1,"B1_1",1,4.2141940381768e-08,FALSE,4.2141941759079e-08,0,TRUE,0,0,0,0.5,0,2,2,0
"g12s6a_01__truth_L1_M2__06","truth_L1_M2",6,-130050.161960228,TRUE,"B2","specific",2,"B2_1",1,1,TRUE,49.1276060082682,7.29531286377957,FALSE,0.326256309610795,1.07389363903982,0.350364575587639,0.5,0.061377667913353,2,2,0.490768541392311
"g12s6a_01__truth_L1_M2__07","truth_L1_M2",7,-129913.505289058,TRUE,"A","shared",0,"A_1",1,1,TRUE,50.2766340321822,5.62605785509266,FALSE,0.251604956186677,1.00389281727512,0.252584408306627,1,0.0637988833196087,2,2,0.515091459635397
"g12s6a_01__truth_L1_M2__07","truth_L1_M2",7,-129913.505289058,TRUE,"B1","specific",1,"B1_1",1,1,TRUE,49.1800699282359,7.80125825740951,FALSE,0.348882875471984,0.993412511294717,0.346584613470346,0.5,0.0600604471471947,2,2,0.484908540364603
"g12s6a_01__truth_L1_M2__07","truth_L1_M2",7,-129913.505289058,TRUE,"B2","specific",2,"B2_1",1,4.14656580183248e-08,FALSE,4.14656592537663e-08,0,TRUE,0,0,0,0.5,0,2,2,0
"g12s6a_01__truth_L1_M2__08","truth_L1_M2",8,-131428.662434278,TRUE,"A","shared",0,"A_1",1,1,TRUE,49.0491024984549,5.52561535440568,FALSE,0.247113030999354,0.991260878529816,0.244953480204585,1,0.060002207464338,2,2,0.479084348495818
"g12s6a_01__truth_L1_M2__08","truth_L1_M2",8,-131428.662434278,TRUE,"B1","specific",1,"B1_1",1,1,TRUE,50.3714077140672,5.75625818053499,FALSE,0.25742769175431,1.00734765574982,0.259319181813792,0.5,0.0336232190282873,2,2,0.268462756008987
"g12s6a_01__truth_L1_M2__08","truth_L1_M2",8,-131428.662434278,TRUE,"B2","specific",2,"B2_1",1,1,TRUE,49.1613683353993,5.58389890828621,FALSE,0.249719550768297,1.00700181572474,0.251468041045642,0.5,0.0316180878336662,2,2,0.252452895495195
"g12s6a_01__truth_L1_M2__09","truth_L1_M2",9,-130515.913172647,TRUE,"A","shared",0,"A_1",1,1,TRUE,48.8935464723448,5.53611804723909,FALSE,0.2475827257018,0.991192111863106,0.245402044749191,1,0.060222163567084,2,2,0.482665593696124
"g12s6a_01__truth_L1_M2__09","truth_L1_M2",9,-130515.913172647,TRUE,"B1","specific",1,"B1_1",1,1,TRUE,50.3641837293219,5.72540119690135,FALSE,0.256047725494602,1.00190881774047,0.256536473935434,0.5,0.0329054812296128,2,2,0.263729210191123
"g12s6a_01__truth_L1_M2__09","truth_L1_M2",9,-130515.913172647,TRUE,"B2","specific",2,"B2_1",1,1,TRUE,49.0150351193147,5.58634502796138,FALSE,0.249828944565792,1.00694633276246,0.25156433954844,0.5,0.0316423084662213,2,2,0.253605196112753
"g12s6a_01__truth_L1_M2__10","truth_L1_M2",10,-129889.940008038,TRUE,"A","shared",0,"A_1",1,1,TRUE,50.2654593844075,5.62654599253391,FALSE,0.251626786356697,1.00387276944209,0.252601278885711,1,0.0638074060946965,2,2,0.515656234502643
"g12s6a_01__truth_L1_M2__10","truth_L1_M2",10,-129889.940008038,TRUE,"B1","specific",1,"B1_1",1,1,TRUE,49.4057563643729,7.79680299713844,FALSE,0.348683630175513,0.992923305669869,0.346216102706841,0.5,0.0599327948867568,2,2,0.484343765497357
"g12s6a_01__truth_L1_M2__10","truth_L1_M2",10,-129889.940008038,TRUE,"B2","specific",2,"B2_1",1,4.14656220470988e-08,FALSE,4.14656234797118e-08,0,TRUE,0,0,0,0.5,0,2,2,0
"g12s6a_01__truth_L1_M2__11","truth_L1_M2",11,-121923.013316297,TRUE,"A","shared",0,"A_1",1,1,TRUE,50.2970660479259,5.63230686766507,FALSE,0.25188442052476,1.0040472008259,0.25290384735954,1,0.0639603560092573,2,2,0.344553308934896
"g12s6a_01__truth_L1_M2__11","truth_L1_M2",11,-121923.013316297,TRUE,"B1","specific",1,"B1_1",1,1,TRUE,49.2480758834387,7.82628884063759,FALSE,0.350002277184274,0.992179844920673,0.347265205098575,0.5,0.0602965613360777,2,2,0.324816511695691
"g12s6a_01__truth_L1_M2__11","truth_L1_M2",11,-121923.013316297,TRUE,"B2","specific",2,"B2_1",1,1,TRUE,48.8005119444958,7.29555074364757,FALSE,0.326266947921902,1.07384200369038,0.350359153094399,0.5,0.0613757680785124,2,2,0.330630179369413
"g12s6a_01__truth_L1_M2__12","truth_L1_M2",12,-130599.998060207,TRUE,"A","shared",0,"A_1",1,1,TRUE,50.7237535615766,9.79712159114237,FALSE,0.438140597232505,1.10766493782288,0.485312977391223,1,0.235528686024333,2,2,0.777075073589735
"g12s6a_01__truth_L1_M2__12","truth_L1_M2",12,-130599.998060207,TRUE,"B1","specific",1,"B1_1",1,1,TRUE,48.9791824922633,7.83507907745101,FALSE,0.350395388525336,0.992898489270425,0.34790705191413,0.5,0.0605196583857905,2,2,0.199671296042916
"g12s6a_01__truth_L1_M2__12","truth_L1_M2",12,-130599.998060207,TRUE,"B2","specific",2,"B2_1",1,1,TRUE,47.4707664075356,2.62670249893151,FALSE,0.117469706885588,1.01070615536551,0.118727355818246,0.5,0.00704809250979621,2,2,0.0232536303673486
