"fit_config_id","reference_fit_id","reference_candidate_id","role_id","candidate_fit_id","candidate_seed_index","candidate_id","mean_squared_canonical_correlation","minimum_canonical_correlation","reference_rank","candidate_rank"
"factor_L3_M2","g12s6a_01__factor_L3_M2__07","A_1","A","g12s6a_01__factor_L3_M2__01",1,"A_1",0.54522107346331,0.509922162664321,2,2
"factor_L3_M2","g12s6a_01__factor_L3_M2__07","A_2","A","g12s6a_01__factor_L3_M2__01",1,"A_3",0.498408007301163,0.309778844403503,2,2
"factor_L3_M2","g12s6a_01__factor_L3_M2__07","A_3","A","g12s6a_01__factor_L3_M2__01",1,"A_2",0.307023432019361,0.388519541501578,2,2
"factor_L3_M2","g12s6a_01__factor_L3_M2__07","A_1","A","g12s6a_01__factor_L3_M2__02",2,"A_1",0.942521109786238,0.965657453053306,2,2
"factor_L3_M2","g12s6a_01__factor_L3_M2__07","A_2","A","g12s6a_01__factor_L3_M2__02",2,"A_3",0.498408007301198,0.309778844403597,2,2
"factor_L3_M2","g12s6a_01__factor_L3_M2__07","A_3","A","g12s6a_01__factor_L3_M2__02",2,"A_2",0.476827042826212,0.235189397679124,2,2
"factor_L3_M2","g12s6a_01__factor_L3_M2__07","A_1","A","g12s6a_01__factor_L3_M2__03",3,"A_1",0.942248764408568,0.966922888574843,2,2
"factor_L3_M2","g12s6a_01__factor_L3_M2__07","A_2","A","g12s6a_01__factor_L3_M2__03",3,"A_3",0.498408002620647,0.309778832478331,2,2
"factor_L3_M2","g12s6a_01__factor_L3_M2__07","A_3","A","g12s6a_01__factor_L3_M2__03",3,"A_2",0.476827042826211,0.235189397679121,2,2
"factor_L3_M2","g12s6a_01__factor_L3_M2__07","A_1","A","g12s6a_01__factor_L3_M2__04",4,"A_1",0.955842496916674,0.954943203059259,2,2
"factor_L3_M2","g12s6a_01__factor_L3_M2__07","A_2","A","g12s6a_01__factor_L3_M2__04",4,"A_3",0.619506767371585,0.501392291832793,2,2
"factor_L3_M2","g12s6a_01__factor_L3_M2__07","A_3","A","g12s6a_01__factor_L3_M2__04",4,"A_2",0.201896604705703,0.331278136664884,2,2
"factor_L3_M2","g12s6a_01__factor_L3_M2__07","A_1","A","g12s6a_01__factor_L3_M2__05",5,"A_2",0.516764127034221,0.294194544154998,2,2
"factor_L3_M2","g12s6a_01__factor_L3_M2__07","A_2","A","g12s6a_01__factor_L3_M2__05",5,"A_1",0.647194236226626,0.595641177823163,2,2
"factor_L3_M2","g12s6a_01__factor_L3_M2__07","A_3","A","g12s6a_01__factor_L3_M2__05",5,"A_3",0.476827042826418,0.235189397679633,2,2
"factor_L3_M2","g12s6a_01__factor_L3_M2__07","A_1","A","g12s6a_01__factor_L3_M2__06",6,"A_1",0.902210051978802,0.908978540949901,2,2
"factor_L3_M2","g12s6a_01__factor_L3_M2__07","A_2","A","g12s6a_01__factor_L3_M2__06",6,"A_2",0.440515072935082,0.0332135385932248,2,2
"factor_L3_M2","g12s6a_01__factor_L3_M2__07","A_3","A","g12s6a_01__factor_L3_M2__06",6,"A_3",0.476827042826419,0.235189397679636,2,2
"factor_L3_M2","g12s6a_01__factor_L3_M2__07","A_1","A","g12s6a_01__factor_L3_M2__07",7,"A_1",1,1,2,2
"factor_L3_M2","g12s6a_01__factor_L3_M2__07","A_2","A","g12s6a_01__factor_L3_M2__07",7,"A_2",1,1,2,2
"factor_L3_M2","g12s6a_01__factor_L3_M2__07","A_3","A","g12s6a_01__factor_L3_M2__07",7,"A_3",1,1,2,2
"factor_L3_M2","g12s6a_01__factor_L3_M2__07","A_1","A","g12s6a_01__factor_L3_M2__08",8,"A_1",0.554764069021805,0.403326069868061,2,2
"factor_L3_M2","g12s6a_01__factor_L3_M2__07","A_2","A","g12s6a_01__factor_L3_M2__08",8,"A_3",0.498408007301198,0.309778844403596,2,2
"factor_L3_M2","g12s6a_01__factor_L3_M2__07","A_3","A","g12s6a_01__factor_L3_M2__08",8,"A_2",0.156945824319951,0.319784784837179,2,2
"factor_L3_M2","g12s6a_01__factor_L3_M2__07","A_1","A","g12s6a_01__factor_L3_M2__09",9,"A_1",0.938014370540269,0.938499082955392,2,2
"factor_L3_M2","g12s6a_01__factor_L3_M2__07","A_2","A","g12s6a_01__factor_L3_M2__09",9,"A_2",0.637300468701958,0.573260613151144,2,2
"factor_L3_M2","g12s6a_01__factor_L3_M2__07","A_3","A","g12s6a_01__factor_L3_M2__09",9,"A_3",0.289731237185304,0.0543324555384563,2,2
"factor_L3_M2","g12s6a_01__factor_L3_M2__07","A_1","A","g12s6a_01__factor_L3_M2__10",10,"A_1",0.491362252279106,0.266806097567351,2,2
"factor_L3_M2","g12s6a_01__factor_L3_M2__07","A_2","A","g12s6a_01__factor_L3_M2__10",10,"A_3",0.498408007301197,0.309778844403594,2,2
"factor_L3_M2","g12s6a_01__factor_L3_M2__07","A_3","A","g12s6a_01__factor_L3_M2__10",10,"A_2",0.340631307861762,0.359572446060731,2,2
"factor_L3_M2","g12s6a_01__factor_L3_M2__07","A_1","A","g12s6a_01__factor_L3_M2__11",11,"A_1",0.438394864665951,0.0588030096150542,2,2
"factor_L3_M2","g12s6a_01__factor_L3_M2__07","A_2","A","g12s6a_01__factor_L3_M2__11",11,"A_2",0.445306278430337,0.200672660962724,2,2
"factor_L3_M2","g12s6a_01__factor_L3_M2__07","A_3","A","g12s6a_01__factor_L3_M2__11",11,"A_3",0.476827042826418,0.235189397679635,2,2
"factor_L3_M2","g12s6a_01__factor_L3_M2__07","A_1","A","g12s6a_01__factor_L3_M2__12",12,"A_1",0.552134934833268,0.395256633642015,2,2
"factor_L3_M2","g12s6a_01__factor_L3_M2__07","A_2","A","g12s6a_01__factor_L3_M2__12",12,"A_3",0.498408007301157,0.309778844403484,2,2
"factor_L3_M2","g12s6a_01__factor_L3_M2__07","A_3","A","g12s6a_01__factor_L3_M2__12",12,"A_2",0.476827042826418,0.23518939767963,2,2
"factor_L3_M2","g12s6a_01__factor_L3_M2__07","B1_1","B1","g12s6a_01__factor_L3_M2__01",1,"B1_1",0.507112040213126,0.158350451982209,2,2
"factor_L3_M2","g12s6a_01__factor_L3_M2__07","B1_2","B1","g12s6a_01__factor_L3_M2__01",1,"B1_3",1,1,2,2
"factor_L3_M2","g12s6a_01__factor_L3_M2__07","B1_3","B1","g12s6a_01__factor_L3_M2__01",1,"B1_2",0.386195858319812,0.310447059414993,2,2
"factor_L3_M2","g12s6a_01__factor_L3_M2__07","B1_1","B1","g12s6a_01__factor_L3_M2__02",2,"B1_1",0.526690731021626,0.249006947004552,2,2
"factor_L3_M2","g12s6a_01__factor_L3_M2__07","B1_2","B1","g12s6a_01__factor_L3_M2__02",2,"B1_3",1,1,2,2
"factor_L3_M2","g12s6a_01__factor_L3_M2__07","B1_3","B1","g12s6a_01__factor_L3_M2__02",2,"B1_2",1,1,2,2
"factor_L3_M2","g12s6a_01__factor_L3_M2__07","B1_1","B1","g12s6a_01__factor_L3_M2__03",3,"B1_1",0.52689443330493,0.249895722156128,2,2
"factor_L3_M2","g12s6a_01__factor_L3_M2__07","B1_2","B1","g12s6a_01__factor_L3_M2__03",3,"B1_3",1,1,2,2
"factor_L3_M2","g12s6a_01__factor_L3_M2__07","B1_3","B1","g12s6a_01__factor_L3_M2__03",3,"B1_2",1,1,2,2
"factor_L3_M2","g12s6a_01__factor_L3_M2__07","B1_1","B1","g12s6a_01__factor_L3_M2__04",4,"B1_1",0.51416588342151,0.194985515985168,2,2
"factor_L3_M2","g12s6a_01__factor_L3_M2__07","B1_2","B1","g12s6a_01__factor_L3_M2__04",4,"B1_3",0.639372510920675,0.527963543796516,2,2
"factor_L3_M2","g12s6a_01__factor_L3_M2__07","B1_3","B1","g12s6a_01__factor_L3_M2__04",4,"B1_2",0.466478489866671,0.119189757012125,2,2
"factor_L3_M2","g12s6a_01__factor_L3_M2__07","B1_1","B1","g12s6a_01__factor_L3_M2__05",5,"B1_1",0.526797399732678,0.249573281197734,2,2
"factor_L3_M2","g12s6a_01__factor_L3_M2__07","B1_2","B1","g12s6a_01__factor_L3_M2__05",5,"B1_3",1,1,2,2
"factor_L3_M2","g12s6a_01__factor_L3_M2__07","B1_3","B1","g12s6a_01__factor_L3_M2__05",5,"B1_2",0.519663026521696,0.276484929786537,2,2
"factor_L3_M2","g12s6a_01__factor_L3_M2__07","B1_1","B1","g12s6a_01__factor_L3_M2__06",6,"B1_1",0.512857205632538,0.175229576186955,2,2
"factor_L3_M2","g12s6a_01__factor_L3_M2__07","B1_2","B1","g12s6a_01__factor_L3_M2__06",6,"B1_3",1,1,2,2
"factor_L3_M2","g12s6a_01__factor_L3_M2__07","B1_3","B1","g12s6a_01__factor_L3_M2__06",6,"B1_2",0.507410908729066,0.121831727491943,2,2
"factor_L3_M2","g12s6a_01__factor_L3_M2__07","B1_1","B1","g12s6a_01__factor_L3_M2__07",7,"B1_1",1,1,2,2
"factor_L3_M2","g12s6a_01__factor_L3_M2__07","B1_2","B1","g12s6a_01__factor_L3_M2__07",7,"B1_3",1,1,2,2
"factor_L3_M2","g12s6a_01__factor_L3_M2__07","B1_3","B1","g12s6a_01__factor_L3_M2__07",7,"B1_2",1,1,2,2
"factor_L3_M2","g12s6a_01__factor_L3_M2__07","B1_1","B1","g12s6a_01__factor_L3_M2__08",8,"B1_1",0.526787780812342,0.249380382656801,2,2
"factor_L3_M2","g12s6a_01__factor_L3_M2__07","B1_2","B1","g12s6a_01__factor_L3_M2__08",8,"B1_3",1,1,2,2
"factor_L3_M2","g12s6a_01__factor_L3_M2__07","B1_3","B1","g12s6a_01__factor_L3_M2__08",8,"B1_2",0.323423880979467,0.243146909938285,2,2
"factor_L3_M2","g12s6a_01__factor_L3_M2__07","B1_1","B1","g12s6a_01__factor_L3_M2__09",9,"B1_1",0.526808816603212,0.249526144324093,2,2
"factor_L3_M2","g12s6a_01__factor_L3_M2__07","B1_2","B1","g12s6a_01__factor_L3_M2__09",9,"B1_3",1,1,2,2
"factor_L3_M2","g12s6a_01__factor_L3_M2__07","B1_3","B1","g12s6a_01__factor_L3_M2__09",9,"B1_2",1,1,2,2
"factor_L3_M2","g12s6a_01__factor_L3_M2__07","B1_1","B1","g12s6a_01__factor_L3_M2__10",10,"B1_1",0.525892230545507,0.245795932884246,2,2
"factor_L3_M2","g12s6a_01__factor_L3_M2__07","B1_2","B1","g12s6a_01__factor_L3_M2__10",10,"B1_3",1,1,2,2
"factor_L3_M2","g12s6a_01__factor_L3_M2__07","B1_3","B1","g12s6a_01__factor_L3_M2__10",10,"B1_2",0.440302475283627,0.243378826734678,2,2
"factor_L3_M2","g12s6a_01__factor_L3_M2__07","B1_1","B1","g12s6a_01__factor_L3_M2__11",11,"B1_1",0.526843926660626,0.249649393931327,2,2
"factor_L3_M2","g12s6a_01__factor_L3_M2__07","B1_2","B1","g12s6a_01__factor_L3_M2__11",11,"B1_3",1,1,2,2
"factor_L3_M2","g12s6a_01__factor_L3_M2__07","B1_3","B1","g12s6a_01__factor_L3_M2__11",11,"B1_2",0.0182168372878323,0.0147333105673404,2,2
"factor_L3_M2","g12s6a_01__factor_L3_M2__07","B1_1","B1","g12s6a_01__factor_L3_M2__12",12,"B1_1",0.526676348487363,0.249262467971742,2,2
"factor_L3_M2","g12s6a_01__factor_L3_M2__07","B1_2","B1","g12s6a_01__factor_L3_M2__12",12,"B1_3",0.248192995971673,0.323400821269291,2,2
"factor_L3_M2","g12s6a_01__factor_L3_M2__07","B1_3","B1","g12s6a_01__factor_L3_M2__12",12,"B1_2",0.38597912757872,0.188463158544363,2,2
"factor_L3_M2","g12s6a_01__factor_L3_M2__07","B2_1","B2","g12s6a_01__factor_L3_M2__01",1,"B2_1",0.999999544825285,0.999999564687844,2,2
"factor_L3_M2","g12s6a_01__factor_L3_M2__07","B2_2","B2","g12s6a_01__factor_L3_M2__01",1,"B2_2",0.499295695211366,0.469343316723531,2,2
"factor_L3_M2","g12s6a_01__factor_L3_M2__07","B2_3","B2","g12s6a_01__factor_L3_M2__01",1,"B2_3",0.999998385674084,0.999998436512595,2,2
"factor_L3_M2","g12s6a_01__factor_L3_M2__07","B2_1","B2","g12s6a_01__factor_L3_M2__02",2,"B2_1",0.999995471267113,0.99999601957801,2,2
"factor_L3_M2","g12s6a_01__factor_L3_M2__07","B2_2","B2","g12s6a_01__factor_L3_M2__02",2,"B2_2",0.47182866223326,0.313400859843508,2,2
"factor_L3_M2","g12s6a_01__factor_L3_M2__07","B2_3","B2","g12s6a_01__factor_L3_M2__02",2,"B2_3",1,1,2,2
"factor_L3_M2","g12s6a_01__factor_L3_M2__07","B2_1","B2","g12s6a_01__factor_L3_M2__03",3,"B2_1",0.999999741066661,0.99999976415552,2,2
"factor_L3_M2","g12s6a_01__factor_L3_M2__07","B2_2","B2","g12s6a_01__factor_L3_M2__03",3,"B2_2",0.454654536327919,0.220824765285373,2,2
"factor_L3_M2","g12s6a_01__factor_L3_M2__07","B2_3","B2","g12s6a_01__factor_L3_M2__03",3,"B2_3",1,1,2,2
"factor_L3_M2","g12s6a_01__factor_L3_M2__07","B2_1","B2","g12s6a_01__factor_L3_M2__04",4,"B2_1",0.377287334552869,0.127537458423684,2,2
"factor_L3_M2","g12s6a_01__factor_L3_M2__07","B2_2","B2","g12s6a_01__factor_L3_M2__04",4,"B2_3",0.543514687045926,0.295008827696016,2,2
"factor_L3_M2","g12s6a_01__factor_L3_M2__07","B2_3","B2","g12s6a_01__factor_L3_M2__04",4,"B2_2",1,1,2,2
"factor_L3_M2","g12s6a_01__factor_L3_M2__07","B2_1","B2","g12s6a_01__factor_L3_M2__05",5,"B2_2",0.468809334574327,0.0520790071998333,2,2
"factor_L3_M2","g12s6a_01__factor_L3_M2__07","B2_2","B2","g12s6a_01__factor_L3_M2__05",5,"B2_1",0.391171370748217,0.0709994439233694,2,2
"factor_L3_M2","g12s6a_01__factor_L3_M2__07","B2_3","B2","g12s6a_01__factor_L3_M2__05",5,"B2_3",1,1,2,2
"factor_L3_M2","g12s6a_01__factor_L3_M2__07","B2_1","B2","g12s6a_01__factor_L3_M2__06",6,"B2_1",0.785685390289958,0.756286734831781,2,2
"factor_L3_M2","g12s6a_01__factor_L3_M2__07","B2_2","B2","g12s6a_01__factor_L3_M2__06",6,"B2_2",0.127935106185685,0.259532031515725,2,2
"factor_L3_M2","g12s6a_01__factor_L3_M2__07","B2_3","B2","g12s6a_01__factor_L3_M2__06",6,"B2_3",1,1,2,2
"factor_L3_M2","g12s6a_01__factor_L3_M2__07","B2_1","B2","g12s6a_01__factor_L3_M2__07",7,"B2_1",1,1,2,2
"factor_L3_M2","g12s6a_01__factor_L3_M2__07","B2_2","B2","g12s6a_01__factor_L3_M2__07",7,"B2_2",1,1,2,2
"factor_L3_M2","g12s6a_01__factor_L3_M2__07","B2_3","B2","g12s6a_01__factor_L3_M2__07",7,"B2_3",1,1,2,2
"factor_L3_M2","g12s6a_01__factor_L3_M2__07","B2_1","B2","g12s6a_01__factor_L3_M2__08",8,"B2_1",0.50769402508159,0.127032257412931,2,2
"factor_L3_M2","g12s6a_01__factor_L3_M2__07","B2_2","B2","g12s6a_01__factor_L3_M2__08",8,"B2_2",0.483900698987601,0.0889514024592888,2,2
"factor_L3_M2","g12s6a_01__factor_L3_M2__07","B2_3","B2","g12s6a_01__factor_L3_M2__08",8,"B2_3",1,1,2,2
"factor_L3_M2","g12s6a_01__factor_L3_M2__07","B2_1","B2","g12s6a_01__factor_L3_M2__09",9,"B2_1",0.607249943857915,0.463284819443677,2,2
"factor_L3_M2","g12s6a_01__factor_L3_M2__07","B2_2","B2","g12s6a_01__factor_L3_M2__09",9,"B2_3",0.543514687045928,0.295008827696021,2,2
"factor_L3_M2","g12s6a_01__factor_L3_M2__07","B2_3","B2","g12s6a_01__factor_L3_M2__09",9,"B2_2",1,1,2,2
"factor_L3_M2","g12s6a_01__factor_L3_M2__07","B2_1","B2","g12s6a_01__factor_L3_M2__10",10,"B2_2",0.50162095911134,0.0697701544509399,2,2
"factor_L3_M2","g12s6a_01__factor_L3_M2__07","B2_2","B2","g12s6a_01__factor_L3_M2__10",10,"B2_3",0.747608157563815,0.711323250100977,2,2
"factor_L3_M2","g12s6a_01__factor_L3_M2__07","B2_3","B2","g12s6a_01__factor_L3_M2__10",10,"B2_1",0.395085293655828,0.12188550632259,2,2
"factor_L3_M2","g12s6a_01__factor_L3_M2__07","B2_1","B2","g12s6a_01__factor_L3_M2__11",11,"B2_2",0.480140873238118,0.16245988498406,2,2
"factor_L3_M2","g12s6a_01__factor_L3_M2__07","B2_2","B2","g12s6a_01__factor_L3_M2__11",11,"B2_1",0.275995588084664,0.09375594831914,2,2
"factor_L3_M2","g12s6a_01__factor_L3_M2__07","B2_3","B2","g12s6a_01__factor_L3_M2__11",11,"B2_3",1,1,2,2
"factor_L3_M2","g12s6a_01__factor_L3_M2__07","B2_1","B2","g12s6a_01__factor_L3_M2__12",12,"B2_2",0.504233397145047,0.260564388981221,2,2
"factor_L3_M2","g12s6a_01__factor_L3_M2__07","B2_2","B2","g12s6a_01__factor_L3_M2__12",12,"B2_1",0.334487904236497,0.0676365118481134,2,2
"factor_L3_M2","g12s6a_01__factor_L3_M2__07","B2_3","B2","g12s6a_01__factor_L3_M2__12",12,"B2_3",1,1,2,2
"fpca_L1_M4","g12s6a_01__fpca_L1_M4__11","A_1","A","g12s6a_01__fpca_L1_M4__01",1,"A_1",0.987854251075428,0.978540655948302,4,4
"fpca_L1_M4","g12s6a_01__fpca_L1_M4__11","A_1","A","g12s6a_01__fpca_L1_M4__02",2,"A_1",0.475544750473981,0,4,3
"fpca_L1_M4","g12s6a_01__fpca_L1_M4__11","A_1","A","g12s6a_01__fpca_L1_M4__03",3,"A_1",0.99570659740785,0.991591810325256,4,4
"fpca_L1_M4","g12s6a_01__fpca_L1_M4__11","A_1","A","g12s6a_01__fpca_L1_M4__04",4,"A_1",0.353855947874051,0,4,3
"fpca_L1_M4","g12s6a_01__fpca_L1_M4__11","A_1","A","g12s6a_01__fpca_L1_M4__05",5,"A_1",0.987667543258748,0.979085923163177,4,4
"fpca_L1_M4","g12s6a_01__fpca_L1_M4__11","A_1","A","g12s6a_01__fpca_L1_M4__06",6,"A_1",0.810568164423937,0.53003779036038,4,4
"fpca_L1_M4","g12s6a_01__fpca_L1_M4__11","A_1","A","g12s6a_01__fpca_L1_M4__07",7,"A_1",0.825082425174686,0.550277173997387,4,4
"fpca_L1_M4","g12s6a_01__fpca_L1_M4__11","A_1","A","g12s6a_01__fpca_L1_M4__08",8,"A_1",0.999755860578367,0.999522477360579,4,4
"fpca_L1_M4","g12s6a_01__fpca_L1_M4__11","A_1","A","g12s6a_01__fpca_L1_M4__09",9,"A_1",0.987723350926725,0.976919798636782,4,4
"fpca_L1_M4","g12s6a_01__fpca_L1_M4__11","A_1","A","g12s6a_01__fpca_L1_M4__10",10,"A_1",0.350692811894598,0,4,3
"fpca_L1_M4","g12s6a_01__fpca_L1_M4__11","A_1","A","g12s6a_01__fpca_L1_M4__11",11,"A_1",1,1,4,4
"fpca_L1_M4","g12s6a_01__fpca_L1_M4__11","A_1","A","g12s6a_01__fpca_L1_M4__12",12,"A_1",0.557886442398743,0.0920226212470537,4,4
"fpca_L1_M4","g12s6a_01__fpca_L1_M4__11","B1_1","B1","g12s6a_01__fpca_L1_M4__01",1,"B1_1",0.787817691939979,0.407642245717791,4,4
"fpca_L1_M4","g12s6a_01__fpca_L1_M4__11","B1_1","B1","g12s6a_01__fpca_L1_M4__02",2,"B1_1",0.529209166466627,0.190798400285276,4,4
"fpca_L1_M4","g12s6a_01__fpca_L1_M4__11","B1_1","B1","g12s6a_01__fpca_L1_M4__03",3,"B1_1",0.981216118223435,0.961863073728252,4,4
"fpca_L1_M4","g12s6a_01__fpca_L1_M4__11","B1_1","B1","g12s6a_01__fpca_L1_M4__04",4,"B1_1",0.592701799806221,0.332005563278459,4,4
"fpca_L1_M4","g12s6a_01__fpca_L1_M4__11","B1_1","B1","g12s6a_01__fpca_L1_M4__05",5,"B1_1",0.754369610626388,0.161379237331669,4,4
"fpca_L1_M4","g12s6a_01__fpca_L1_M4__11","B1_1","B1","g12s6a_01__fpca_L1_M4__06",6,"B1_1",0.749981176266989,0.0248329801588156,4,4
"fpca_L1_M4","g12s6a_01__fpca_L1_M4__11","B1_1","B1","g12s6a_01__fpca_L1_M4__07",7,"B1_1",0.806812303866014,0.478815806959358,4,4
"fpca_L1_M4","g12s6a_01__fpca_L1_M4__11","B1_1","B1","g12s6a_01__fpca_L1_M4__08",8,"B1_1",0.976033791068443,0.95125612988435,4,4
"fpca_L1_M4","g12s6a_01__fpca_L1_M4__11","B1_1","B1","g12s6a_01__fpca_L1_M4__09",9,"B1_1",0.675871537533927,0,4,3
"fpca_L1_M4","g12s6a_01__fpca_L1_M4__11","B1_1","B1","g12s6a_01__fpca_L1_M4__10",10,"B1_1",0.514441879312734,0.241928065021793,4,4
"fpca_L1_M4","g12s6a_01__fpca_L1_M4__11","B1_1","B1","g12s6a_01__fpca_L1_M4__11",11,"B1_1",1,1,4,4
"fpca_L1_M4","g12s6a_01__fpca_L1_M4__11","B1_1","B1","g12s6a_01__fpca_L1_M4__12",12,"B1_1",0.620605612175086,0.169101435859581,4,4
"fpca_L1_M4","g12s6a_01__fpca_L1_M4__11","B2_1","B2","g12s6a_01__fpca_L1_M4__01",1,"B2_1",0.718424489509886,0.307029019739171,4,4
"fpca_L1_M4","g12s6a_01__fpca_L1_M4__11","B2_1","B2","g12s6a_01__fpca_L1_M4__02",2,"B2_1",0.525321383141686,0.0135760983458528,4,4
"fpca_L1_M4","g12s6a_01__fpca_L1_M4__11","B2_1","B2","g12s6a_01__fpca_L1_M4__03",3,"B2_1",0.744417594497733,0.0595134267175533,4,4
"fpca_L1_M4","g12s6a_01__fpca_L1_M4__11","B2_1","B2","g12s6a_01__fpca_L1_M4__04",4,"B2_1",0.523566199052728,0.145779390745972,4,4
"fpca_L1_M4","g12s6a_01__fpca_L1_M4__11","B2_1","B2","g12s6a_01__fpca_L1_M4__05",5,"B2_1",0.738287849779399,0,4,3
"fpca_L1_M4","g12s6a_01__fpca_L1_M4__11","B2_1","B2","g12s6a_01__fpca_L1_M4__06",6,"B2_1",0.747420469711266,0.0980574577913245,4,4
"fpca_L1_M4","g12s6a_01__fpca_L1_M4__11","B2_1","B2","g12s6a_01__fpca_L1_M4__07",7,"B2_1",0.648767342082915,0.215246529590508,4,4
"fpca_L1_M4","g12s6a_01__fpca_L1_M4__11","B2_1","B2","g12s6a_01__fpca_L1_M4__08",8,"B2_1",0.602674729605462,0,4,3
"fpca_L1_M4","g12s6a_01__fpca_L1_M4__11","B2_1","B2","g12s6a_01__fpca_L1_M4__09",9,"B2_1",0.745328741805407,0,4,3
"fpca_L1_M4","g12s6a_01__fpca_L1_M4__11","B2_1","B2","g12s6a_01__fpca_L1_M4__10",10,"B2_1",0.402445959364865,0.123794228242513,4,4
"fpca_L1_M4","g12s6a_01__fpca_L1_M4__11","B2_1","B2","g12s6a_01__fpca_L1_M4__11",11,"B2_1",1,1,4,4
"fpca_L1_M4","g12s6a_01__fpca_L1_M4__11","B2_1","B2","g12s6a_01__fpca_L1_M4__12",12,"B2_1",0.530910103796734,0.127599492068475,4,4
"truth_L1_M2","g12s6a_01__truth_L1_M2__03","A_1","A","g12s6a_01__truth_L1_M2__01",1,"A_1",0.517254129183805,0.187389433789897,2,2
"truth_L1_M2","g12s6a_01__truth_L1_M2__03","A_1","A","g12s6a_01__truth_L1_M2__02",2,"A_1",0.999999362099666,0.999999413836968,2,2
"truth_L1_M2","g12s6a_01__truth_L1_M2__03","A_1","A","g12s6a_01__truth_L1_M2__03",3,"A_1",1,1,2,2
"truth_L1_M2","g12s6a_01__truth_L1_M2__03","A_1","A","g12s6a_01__truth_L1_M2__04",4,"A_1",0.0830905823433157,0.0335782976265605,2,2
"truth_L1_M2","g12s6a_01__truth_L1_M2__03","A_1","A","g12s6a_01__truth_L1_M2__05",5,"A_1",0.517869618833646,0.190736162962984,2,2
"truth_L1_M2","g12s6a_01__truth_L1_M2__03","A_1","A","g12s6a_01__truth_L1_M2__06",6,"A_1",0.999999504897728,0.999999581292274,2,2
"truth_L1_M2","g12s6a_01__truth_L1_M2__03","A_1","A","g12s6a_01__truth_L1_M2__07",7,"A_1",0.999999396638741,0.99999959571488,2,2
"truth_L1_M2","g12s6a_01__truth_L1_M2__03","A_1","A","g12s6a_01__truth_L1_M2__08",8,"A_1",0.618218294995428,0.703526309659507,2,2
"truth_L1_M2","g12s6a_01__truth_L1_M2__03","A_1","A","g12s6a_01__truth_L1_M2__09",9,"A_1",0.618353114124469,0.702844531108905,2,2
"truth_L1_M2","g12s6a_01__truth_L1_M2__03","A_1","A","g12s6a_01__truth_L1_M2__10",10,"A_1",0.999999543839888,0.999999622414899,2,2
"truth_L1_M2","g12s6a_01__truth_L1_M2__03","A_1","A","g12s6a_01__truth_L1_M2__11",11,"A_1",0.999998999413094,0.999999357098601,2,2
"truth_L1_M2","g12s6a_01__truth_L1_M2__03","A_1","A","g12s6a_01__truth_L1_M2__12",12,"A_1",0.520041544401819,0.208442643117785,2,2
"truth_L1_M2","g12s6a_01__truth_L1_M2__03","B1_1","B1","g12s6a_01__truth_L1_M2__01",1,"B1_1",0.999010456994377,0.99901136299161,2,2
"truth_L1_M2","g12s6a_01__truth_L1_M2__03","B1_1","B1","g12s6a_01__truth_L1_M2__02",2,"B1_1",0.999995365260595,0.99999563533742,2,2
"truth_L1_M2","g12s6a_01__truth_L1_M2__03","B1_1","B1","g12s6a_01__truth_L1_M2__03",3,"B1_1",1,1,2,2
"truth_L1_M2","g12s6a_01__truth_L1_M2__03","B1_1","B1","g12s6a_01__truth_L1_M2__04",4,"B1_1",0.62420239113563,0.72355203953075,2,2
"truth_L1_M2","g12s6a_01__truth_L1_M2__03","B1_1","B1","g12s6a_01__truth_L1_M2__05",5,"B1_1",0.56898282873428,0.377355169005988,2,2
"truth_L1_M2","g12s6a_01__truth_L1_M2__03","B1_1","B1","g12s6a_01__truth_L1_M2__06",6,"B1_1",0.420096095068809,0.232102578724123,2,2
"truth_L1_M2","g12s6a_01__truth_L1_M2__03","B1_1","B1","g12s6a_01__truth_L1_M2__07",7,"B1_1",0.999353639643735,0.999354806567517,2,2
"truth_L1_M2","g12s6a_01__truth_L1_M2__03","B1_1","B1","g12s6a_01__truth_L1_M2__08",8,"B1_1",0.552295777145402,0.594409150113172,2,2
"truth_L1_M2","g12s6a_01__truth_L1_M2__03","B1_1","B1","g12s6a_01__truth_L1_M2__09",9,"B1_1",0.621942821499428,0.723449409692637,2,2
"truth_L1_M2","g12s6a_01__truth_L1_M2__03","B1_1","B1","g12s6a_01__truth_L1_M2__10",10,"B1_1",0.999996015725935,0.999996313040202,2,2
"truth_L1_M2","g12s6a_01__truth_L1_M2__03","B1_1","B1","g12s6a_01__truth_L1_M2__11",11,"B1_1",0.996472256275724,0.996471066946043,2,2
"truth_L1_M2","g12s6a_01__truth_L1_M2__03","B1_1","B1","g12s6a_01__truth_L1_M2__12",12,"B1_1",0.999999820684482,0.999999838922988,2,2
"truth_L1_M2","g12s6a_01__truth_L1_M2__03","B2_1","B2","g12s6a_01__truth_L1_M2__01",1,"B2_1",0.9999924685947,0.999992797993905,2,2
"truth_L1_M2","g12s6a_01__truth_L1_M2__03","B2_1","B2","g12s6a_01__truth_L1_M2__02",2,"B2_1",0.140213926336291,0.0125464888952958,2,2
"truth_L1_M2","g12s6a_01__truth_L1_M2__03","B2_1","B2","g12s6a_01__truth_L1_M2__03",3,"B2_1",0.999999999999999,1,2,2
"truth_L1_M2","g12s6a_01__truth_L1_M2__03","B2_1","B2","g12s6a_01__truth_L1_M2__04",4,"B2_1",0.26204666638126,0.208004321439923,2,2
"truth_L1_M2","g12s6a_01__truth_L1_M2__03","B2_1","B2","g12s6a_01__truth_L1_M2__05",5,"B2_1",0.999995428907522,0.999995486590833,2,2
"truth_L1_M2","g12s6a_01__truth_L1_M2__03","B2_1","B2","g12s6a_01__truth_L1_M2__06",6,"B2_1",0.999998560884287,0.999998647900463,2,2
"truth_L1_M2","g12s6a_01__truth_L1_M2__03","B2_1","B2","g12s6a_01__truth_L1_M2__07",7,"B2_1",0.140213926336291,0.0125464888952959,2,2
"truth_L1_M2","g12s6a_01__truth_L1_M2__03","B2_1","B2","g12s6a_01__truth_L1_M2__08",8,"B2_1",0.105185739252794,0.0766049578950281,2,2
"truth_L1_M2","g12s6a_01__truth_L1_M2__03","B2_1","B2","g12s6a_01__truth_L1_M2__09",9,"B2_1",0.105173958372494,0.0767573067131074,2,2
"truth_L1_M2","g12s6a_01__truth_L1_M2__03","B2_1","B2","g12s6a_01__truth_L1_M2__10",10,"B2_1",0.140213926336291,0.0125464888952956,2,2
"truth_L1_M2","g12s6a_01__truth_L1_M2__03","B2_1","B2","g12s6a_01__truth_L1_M2__11",11,"B2_1",0.999999064156635,0.99999911974679,2,2
"truth_L1_M2","g12s6a_01__truth_L1_M2__03","B2_1","B2","g12s6a_01__truth_L1_M2__12",12,"B2_1",0.152358936972424,0.178541120979216,2,2
