"fit_id","fit_config_id","seed_index","role_id","candidate_id","component","normalized_eigenvalue","cumulative_pve","retained_after_99pct"
"g12s6a_01__factor_L3_M2__01","factor_L3_M2",1,"A","A_1",1,0.69801656113601,69.801656113601,TRUE
"g12s6a_01__factor_L3_M2__01","factor_L3_M2",1,"A","A_1",2,0.30198343886399,100,TRUE
"g12s6a_01__factor_L3_M2__01","factor_L3_M2",1,"A","A_2",1,0.90066653524883,90.066653524883,TRUE
"g12s6a_01__factor_L3_M2__01","factor_L3_M2",1,"A","A_2",2,0.0993334647511702,100,TRUE
"g12s6a_01__factor_L3_M2__01","factor_L3_M2",1,"A","A_3",1,0.950638370288169,95.0638370288169,TRUE
"g12s6a_01__factor_L3_M2__01","factor_L3_M2",1,"A","A_3",2,0.0493616297118311,100,TRUE
"g12s6a_01__factor_L3_M2__01","factor_L3_M2",1,"B1","B1_1",1,0.828914182821681,82.891418282168,TRUE
"g12s6a_01__factor_L3_M2__01","factor_L3_M2",1,"B1","B1_1",2,0.171085817178319,100,TRUE
"g12s6a_01__factor_L3_M2__01","factor_L3_M2",1,"B1","B1_2",1,0.713204491909765,71.3204491909765,TRUE
"g12s6a_01__factor_L3_M2__01","factor_L3_M2",1,"B1","B1_2",2,0.286795508090235,100,TRUE
"g12s6a_01__factor_L3_M2__01","factor_L3_M2",1,"B1","B1_3",1,0.950638370075322,95.0638370075322,TRUE
"g12s6a_01__factor_L3_M2__01","factor_L3_M2",1,"B1","B1_3",2,0.0493616299246782,100,TRUE
"g12s6a_01__factor_L3_M2__01","factor_L3_M2",1,"B2","B2_1",1,0.632117373583091,63.2117373583091,TRUE
"g12s6a_01__factor_L3_M2__01","factor_L3_M2",1,"B2","B2_1",2,0.367882626416909,100,TRUE
"g12s6a_01__factor_L3_M2__01","factor_L3_M2",1,"B2","B2_2",1,0.670460691730574,67.0460691730574,TRUE
"g12s6a_01__factor_L3_M2__01","factor_L3_M2",1,"B2","B2_2",2,0.329539308269426,100,TRUE
"g12s6a_01__factor_L3_M2__01","factor_L3_M2",1,"B2","B2_3",1,0.950649661294852,95.0649661294852,TRUE
"g12s6a_01__factor_L3_M2__01","factor_L3_M2",1,"B2","B2_3",2,0.0493503387051479,100,TRUE
"g12s6a_01__factor_L3_M2__02","factor_L3_M2",2,"A","A_1",1,0.790366794369631,79.0366794369631,TRUE
"g12s6a_01__factor_L3_M2__02","factor_L3_M2",2,"A","A_1",2,0.209633205630369,100,TRUE
"g12s6a_01__factor_L3_M2__02","factor_L3_M2",2,"A","A_2",1,0.950638370284429,95.0638370284429,TRUE
"g12s6a_01__factor_L3_M2__02","factor_L3_M2",2,"A","A_2",2,0.0493616297155713,100,TRUE
"g12s6a_01__factor_L3_M2__02","factor_L3_M2",2,"A","A_3",1,0.950638370284417,95.0638370284417,TRUE
"g12s6a_01__factor_L3_M2__02","factor_L3_M2",2,"A","A_3",2,0.0493616297155834,100,TRUE
"g12s6a_01__factor_L3_M2__02","factor_L3_M2",2,"B1","B1_1",1,0.841224288012529,84.1224288012529,TRUE
"g12s6a_01__factor_L3_M2__02","factor_L3_M2",2,"B1","B1_1",2,0.158775711987471,100,TRUE
"g12s6a_01__factor_L3_M2__02","factor_L3_M2",2,"B1","B1_2",1,0.950638370055422,95.0638370055422,TRUE
"g12s6a_01__factor_L3_M2__02","factor_L3_M2",2,"B1","B1_2",2,0.0493616299445776,100,TRUE
"g12s6a_01__factor_L3_M2__02","factor_L3_M2",2,"B1","B1_3",1,0.950638370055422,95.0638370055422,TRUE
"g12s6a_01__factor_L3_M2__02","factor_L3_M2",2,"B1","B1_3",2,0.0493616299445782,100,TRUE
"g12s6a_01__factor_L3_M2__02","factor_L3_M2",2,"B2","B2_1",1,0.62574930548296,62.574930548296,TRUE
"g12s6a_01__factor_L3_M2__02","factor_L3_M2",2,"B2","B2_1",2,0.37425069451704,100,TRUE
"g12s6a_01__factor_L3_M2__02","factor_L3_M2",2,"B2","B2_2",1,0.663564728101689,66.3564728101689,TRUE
"g12s6a_01__factor_L3_M2__02","factor_L3_M2",2,"B2","B2_2",2,0.336435271898311,100,TRUE
"g12s6a_01__factor_L3_M2__02","factor_L3_M2",2,"B2","B2_3",1,0.950638370066746,95.0638370066746,TRUE
"g12s6a_01__factor_L3_M2__02","factor_L3_M2",2,"B2","B2_3",2,0.0493616299332545,100,TRUE
"g12s6a_01__factor_L3_M2__03","factor_L3_M2",3,"A","A_1",1,0.801034779647902,80.1034779647902,TRUE
"g12s6a_01__factor_L3_M2__03","factor_L3_M2",3,"A","A_1",2,0.198965220352098,100,TRUE
"g12s6a_01__factor_L3_M2__03","factor_L3_M2",3,"A","A_2",1,0.950638370284459,95.0638370284459,TRUE
"g12s6a_01__factor_L3_M2__03","factor_L3_M2",3,"A","A_2",2,0.0493616297155414,100,TRUE
"g12s6a_01__factor_L3_M2__03","factor_L3_M2",3,"A","A_3",1,0.950638370428691,95.0638370428691,TRUE
"g12s6a_01__factor_L3_M2__03","factor_L3_M2",3,"A","A_3",2,0.0493616295713087,100,TRUE
"g12s6a_01__factor_L3_M2__03","factor_L3_M2",3,"B1","B1_1",1,0.839186941414686,83.9186941414686,TRUE
"g12s6a_01__factor_L3_M2__03","factor_L3_M2",3,"B1","B1_1",2,0.160813058585314,100,TRUE
"g12s6a_01__factor_L3_M2__03","factor_L3_M2",3,"B1","B1_2",1,0.950638370055447,95.0638370055447,TRUE
"g12s6a_01__factor_L3_M2__03","factor_L3_M2",3,"B1","B1_2",2,0.0493616299445534,100,TRUE
"g12s6a_01__factor_L3_M2__03","factor_L3_M2",3,"B1","B1_3",1,0.950638370055439,95.0638370055439,TRUE
"g12s6a_01__factor_L3_M2__03","factor_L3_M2",3,"B1","B1_3",2,0.0493616299445607,100,TRUE
"g12s6a_01__factor_L3_M2__03","factor_L3_M2",3,"B2","B2_1",1,0.631265908295833,63.1265908295833,TRUE
"g12s6a_01__factor_L3_M2__03","factor_L3_M2",3,"B2","B2_1",2,0.368734091704167,100,TRUE
"g12s6a_01__factor_L3_M2__03","factor_L3_M2",3,"B2","B2_2",1,0.779951541913833,77.9951541913833,TRUE
"g12s6a_01__factor_L3_M2__03","factor_L3_M2",3,"B2","B2_2",2,0.220048458086167,100,TRUE
"g12s6a_01__factor_L3_M2__03","factor_L3_M2",3,"B2","B2_3",1,0.950638370066799,95.0638370066799,TRUE
"g12s6a_01__factor_L3_M2__03","factor_L3_M2",3,"B2","B2_3",2,0.0493616299332007,100,TRUE
"g12s6a_01__factor_L3_M2__04","factor_L3_M2",4,"A","A_1",1,0.873814249937311,87.3814249937311,TRUE
"g12s6a_01__factor_L3_M2__04","factor_L3_M2",4,"A","A_1",2,0.126185750062689,100,TRUE
"g12s6a_01__factor_L3_M2__04","factor_L3_M2",4,"A","A_2",1,0.720886501039084,72.0886501039084,TRUE
"g12s6a_01__factor_L3_M2__04","factor_L3_M2",4,"A","A_2",2,0.279113498960916,100,TRUE
"g12s6a_01__factor_L3_M2__04","factor_L3_M2",4,"A","A_3",1,0.820820238465105,82.0820238465105,TRUE
"g12s6a_01__factor_L3_M2__04","factor_L3_M2",4,"A","A_3",2,0.179179761534895,100,TRUE
"g12s6a_01__factor_L3_M2__04","factor_L3_M2",4,"B1","B1_1",1,0.827862689183091,82.7862689183091,TRUE
"g12s6a_01__factor_L3_M2__04","factor_L3_M2",4,"B1","B1_1",2,0.172137310816909,100,TRUE
"g12s6a_01__factor_L3_M2__04","factor_L3_M2",4,"B1","B1_2",1,0.709759437224292,70.9759437224292,TRUE
"g12s6a_01__factor_L3_M2__04","factor_L3_M2",4,"B1","B1_2",2,0.290240562775708,100,TRUE
"g12s6a_01__factor_L3_M2__04","factor_L3_M2",4,"B1","B1_3",1,0.696029295869047,69.6029295869048,TRUE
"g12s6a_01__factor_L3_M2__04","factor_L3_M2",4,"B1","B1_3",2,0.303970704130953,100,TRUE
"g12s6a_01__factor_L3_M2__04","factor_L3_M2",4,"B2","B2_1",1,0.928299602311294,92.8299602311294,TRUE
"g12s6a_01__factor_L3_M2__04","factor_L3_M2",4,"B2","B2_1",2,0.0717003976887057,100,TRUE
"g12s6a_01__factor_L3_M2__04","factor_L3_M2",4,"B2","B2_2",1,0.950638370067545,95.0638370067545,TRUE
"g12s6a_01__factor_L3_M2__04","factor_L3_M2",4,"B2","B2_2",2,0.0493616299324547,100,TRUE
"g12s6a_01__factor_L3_M2__04","factor_L3_M2",4,"B2","B2_3",1,0.950638370067545,95.0638370067545,TRUE
"g12s6a_01__factor_L3_M2__04","factor_L3_M2",4,"B2","B2_3",2,0.0493616299324547,100,TRUE
"g12s6a_01__factor_L3_M2__05","factor_L3_M2",5,"A","A_1",1,0.70875867594353,70.875867594353,TRUE
"g12s6a_01__factor_L3_M2__05","factor_L3_M2",5,"A","A_1",2,0.29124132405647,100,TRUE
"g12s6a_01__factor_L3_M2__05","factor_L3_M2",5,"A","A_2",1,0.91406209419748,91.406209419748,TRUE
"g12s6a_01__factor_L3_M2__05","factor_L3_M2",5,"A","A_2",2,0.0859379058025201,100,TRUE
"g12s6a_01__factor_L3_M2__05","factor_L3_M2",5,"A","A_3",1,0.950638370290228,95.0638370290228,TRUE
"g12s6a_01__factor_L3_M2__05","factor_L3_M2",5,"A","A_3",2,0.0493616297097723,100,TRUE
"g12s6a_01__factor_L3_M2__05","factor_L3_M2",5,"B1","B1_1",1,0.841104797104099,84.1104797104099,TRUE
"g12s6a_01__factor_L3_M2__05","factor_L3_M2",5,"B1","B1_1",2,0.158895202895901,100,TRUE
"g12s6a_01__factor_L3_M2__05","factor_L3_M2",5,"B1","B1_2",1,0.835781228134186,83.5781228134186,TRUE
"g12s6a_01__factor_L3_M2__05","factor_L3_M2",5,"B1","B1_2",2,0.164218771865814,100,TRUE
"g12s6a_01__factor_L3_M2__05","factor_L3_M2",5,"B1","B1_3",1,0.950638370078976,95.0638370078976,TRUE
"g12s6a_01__factor_L3_M2__05","factor_L3_M2",5,"B1","B1_3",2,0.0493616299210242,100,TRUE
"g12s6a_01__factor_L3_M2__05","factor_L3_M2",5,"B2","B2_1",1,0.959908277510516,95.9908277510516,TRUE
"g12s6a_01__factor_L3_M2__05","factor_L3_M2",5,"B2","B2_1",2,0.0400917224894844,100,TRUE
"g12s6a_01__factor_L3_M2__05","factor_L3_M2",5,"B2","B2_2",1,0.96065104477399,96.065104477399,TRUE
"g12s6a_01__factor_L3_M2__05","factor_L3_M2",5,"B2","B2_2",2,0.0393489552260099,100,TRUE
"g12s6a_01__factor_L3_M2__05","factor_L3_M2",5,"B2","B2_3",1,0.950638370065399,95.0638370065399,TRUE
"g12s6a_01__factor_L3_M2__05","factor_L3_M2",5,"B2","B2_3",2,0.0493616299346014,100,TRUE
"g12s6a_01__factor_L3_M2__06","factor_L3_M2",6,"A","A_1",1,0.807556364916937,80.7556364916937,TRUE
"g12s6a_01__factor_L3_M2__06","factor_L3_M2",6,"A","A_1",2,0.192443635083063,100,TRUE
"g12s6a_01__factor_L3_M2__06","factor_L3_M2",6,"A","A_2",1,0.704199509346859,70.4199509346859,TRUE
"g12s6a_01__factor_L3_M2__06","factor_L3_M2",6,"A","A_2",2,0.295800490653141,100,TRUE
"g12s6a_01__factor_L3_M2__06","factor_L3_M2",6,"A","A_3",1,0.950638370289827,95.0638370289827,TRUE
"g12s6a_01__factor_L3_M2__06","factor_L3_M2",6,"A","A_3",2,0.0493616297101733,100,TRUE
"g12s6a_01__factor_L3_M2__06","factor_L3_M2",6,"B1","B1_1",1,0.827957860724768,82.7957860724768,TRUE
"g12s6a_01__factor_L3_M2__06","factor_L3_M2",6,"B1","B1_1",2,0.172042139275232,100,TRUE
"g12s6a_01__factor_L3_M2__06","factor_L3_M2",6,"B1","B1_2",1,0.867720041343382,86.7720041343382,TRUE
"g12s6a_01__factor_L3_M2__06","factor_L3_M2",6,"B1","B1_2",2,0.132279958656618,100,TRUE
"g12s6a_01__factor_L3_M2__06","factor_L3_M2",6,"B1","B1_3",1,0.950638370077466,95.0638370077466,TRUE
"g12s6a_01__factor_L3_M2__06","factor_L3_M2",6,"B1","B1_3",2,0.0493616299225343,100,TRUE
"g12s6a_01__factor_L3_M2__06","factor_L3_M2",6,"B2","B2_1",1,0.886993620638322,88.6993620638322,TRUE
"g12s6a_01__factor_L3_M2__06","factor_L3_M2",6,"B2","B2_1",2,0.113006379361678,100,TRUE
"g12s6a_01__factor_L3_M2__06","factor_L3_M2",6,"B2","B2_2",1,0.941156810627226,94.1156810627226,TRUE
"g12s6a_01__factor_L3_M2__06","factor_L3_M2",6,"B2","B2_2",2,0.0588431893727744,100,TRUE
"g12s6a_01__factor_L3_M2__06","factor_L3_M2",6,"B2","B2_3",1,0.950638370066697,95.0638370066697,TRUE
"g12s6a_01__factor_L3_M2__06","factor_L3_M2",6,"B2","B2_3",2,0.0493616299333029,100,TRUE
"g12s6a_01__factor_L3_M2__07","factor_L3_M2",7,"A","A_1",1,0.905238852046456,90.5238852046456,TRUE
"g12s6a_01__factor_L3_M2__07","factor_L3_M2",7,"A","A_1",2,0.094761147953544,100,TRUE
"g12s6a_01__factor_L3_M2__07","factor_L3_M2",7,"A","A_2",1,0.561978189300691,56.1978189300691,TRUE
"g12s6a_01__factor_L3_M2__07","factor_L3_M2",7,"A","A_2",2,0.438021810699309,100,TRUE
"g12s6a_01__factor_L3_M2__07","factor_L3_M2",7,"A","A_3",1,0.687999033395076,68.7999033395076,TRUE
"g12s6a_01__factor_L3_M2__07","factor_L3_M2",7,"A","A_3",2,0.312000966604924,100,TRUE
"g12s6a_01__factor_L3_M2__07","factor_L3_M2",7,"B1","B1_1",1,0.776942457801754,77.6942457801754,TRUE
"g12s6a_01__factor_L3_M2__07","factor_L3_M2",7,"B1","B1_1",2,0.223057542198246,100,TRUE
"g12s6a_01__factor_L3_M2__07","factor_L3_M2",7,"B1","B1_2",1,0.950638370077224,95.0638370077224,TRUE
"g12s6a_01__factor_L3_M2__07","factor_L3_M2",7,"B1","B1_2",2,0.0493616299227763,100,TRUE
"g12s6a_01__factor_L3_M2__07","factor_L3_M2",7,"B1","B1_3",1,0.950638370077231,95.0638370077231,TRUE
"g12s6a_01__factor_L3_M2__07","factor_L3_M2",7,"B1","B1_3",2,0.0493616299227694,100,TRUE
"g12s6a_01__factor_L3_M2__07","factor_L3_M2",7,"B2","B2_1",1,0.631337209709819,63.1337209709819,TRUE
"g12s6a_01__factor_L3_M2__07","factor_L3_M2",7,"B2","B2_1",2,0.368662790290181,100,TRUE
"g12s6a_01__factor_L3_M2__07","factor_L3_M2",7,"B2","B2_2",1,0.60661309669249,60.661309669249,TRUE
"g12s6a_01__factor_L3_M2__07","factor_L3_M2",7,"B2","B2_2",2,0.39338690330751,100,TRUE
"g12s6a_01__factor_L3_M2__07","factor_L3_M2",7,"B2","B2_3",1,0.950638370071117,95.0638370071117,TRUE
"g12s6a_01__factor_L3_M2__07","factor_L3_M2",7,"B2","B2_3",2,0.0493616299288828,100,TRUE
"g12s6a_01__factor_L3_M2__08","factor_L3_M2",8,"A","A_1",1,0.705528385391899,70.5528385391899,TRUE
"g12s6a_01__factor_L3_M2__08","factor_L3_M2",8,"A","A_1",2,0.294471614608101,100,TRUE
"g12s6a_01__factor_L3_M2__08","factor_L3_M2",8,"A","A_2",1,0.978758022191653,97.8758022191653,TRUE
"g12s6a_01__factor_L3_M2__08","factor_L3_M2",8,"A","A_2",2,0.0212419778083474,100,TRUE
"g12s6a_01__factor_L3_M2__08","factor_L3_M2",8,"A","A_3",1,0.950638370288865,95.0638370288865,TRUE
"g12s6a_01__factor_L3_M2__08","factor_L3_M2",8,"A","A_3",2,0.0493616297111351,100,TRUE
"g12s6a_01__factor_L3_M2__08","factor_L3_M2",8,"B1","B1_1",1,0.840679061668731,84.0679061668731,TRUE
"g12s6a_01__factor_L3_M2__08","factor_L3_M2",8,"B1","B1_1",2,0.159320938331269,100,TRUE
"g12s6a_01__factor_L3_M2__08","factor_L3_M2",8,"B1","B1_2",1,0.659796483549735,65.9796483549734,TRUE
"g12s6a_01__factor_L3_M2__08","factor_L3_M2",8,"B1","B1_2",2,0.340203516450266,100,TRUE
"g12s6a_01__factor_L3_M2__08","factor_L3_M2",8,"B1","B1_3",1,0.950638370072481,95.0638370072481,TRUE
"g12s6a_01__factor_L3_M2__08","factor_L3_M2",8,"B1","B1_3",2,0.049361629927519,100,TRUE
"g12s6a_01__factor_L3_M2__08","factor_L3_M2",8,"B2","B2_1",1,0.977187441773634,97.7187441773634,TRUE
"g12s6a_01__factor_L3_M2__08","factor_L3_M2",8,"B2","B2_1",2,0.0228125582263655,100,TRUE
"g12s6a_01__factor_L3_M2__08","factor_L3_M2",8,"B2","B2_2",1,0.724915698133588,72.4915698133588,TRUE
"g12s6a_01__factor_L3_M2__08","factor_L3_M2",8,"B2","B2_2",2,0.275084301866412,100,TRUE
"g12s6a_01__factor_L3_M2__08","factor_L3_M2",8,"B2","B2_3",1,0.950638370068059,95.0638370068059,TRUE
"g12s6a_01__factor_L3_M2__08","factor_L3_M2",8,"B2","B2_3",2,0.0493616299319414,100,TRUE
"g12s6a_01__factor_L3_M2__09","factor_L3_M2",9,"A","A_1",1,0.875289982349145,87.5289982349145,TRUE
"g12s6a_01__factor_L3_M2__09","factor_L3_M2",9,"A","A_1",2,0.124710017650855,100,TRUE
"g12s6a_01__factor_L3_M2__09","factor_L3_M2",9,"A","A_2",1,0.705444878827997,70.5444878827997,TRUE
"g12s6a_01__factor_L3_M2__09","factor_L3_M2",9,"A","A_2",2,0.294555121172003,100,TRUE
"g12s6a_01__factor_L3_M2__09","factor_L3_M2",9,"A","A_3",1,0.983162433389045,98.3162433389045,TRUE
"g12s6a_01__factor_L3_M2__09","factor_L3_M2",9,"A","A_3",2,0.0168375666109547,100,TRUE
"g12s6a_01__factor_L3_M2__09","factor_L3_M2",9,"B1","B1_1",1,0.840098158583601,84.0098158583601,TRUE
"g12s6a_01__factor_L3_M2__09","factor_L3_M2",9,"B1","B1_1",2,0.159901841416399,100,TRUE
"g12s6a_01__factor_L3_M2__09","factor_L3_M2",9,"B1","B1_2",1,0.950638370074588,95.0638370074588,TRUE
"g12s6a_01__factor_L3_M2__09","factor_L3_M2",9,"B1","B1_2",2,0.0493616299254123,100,TRUE
"g12s6a_01__factor_L3_M2__09","factor_L3_M2",9,"B1","B1_3",1,0.950638370074584,95.0638370074584,TRUE
"g12s6a_01__factor_L3_M2__09","factor_L3_M2",9,"B1","B1_3",2,0.0493616299254155,100,TRUE
"g12s6a_01__factor_L3_M2__09","factor_L3_M2",9,"B2","B2_1",1,0.935030317605318,93.5030317605318,TRUE
"g12s6a_01__factor_L3_M2__09","factor_L3_M2",9,"B2","B2_1",2,0.0649696823946825,100,TRUE
"g12s6a_01__factor_L3_M2__09","factor_L3_M2",9,"B2","B2_2",1,0.950638370067045,95.0638370067045,TRUE
"g12s6a_01__factor_L3_M2__09","factor_L3_M2",9,"B2","B2_2",2,0.0493616299329552,100,TRUE
"g12s6a_01__factor_L3_M2__09","factor_L3_M2",9,"B2","B2_3",1,0.950638370067045,95.0638370067045,TRUE
"g12s6a_01__factor_L3_M2__09","factor_L3_M2",9,"B2","B2_3",2,0.0493616299329549,100,TRUE
"g12s6a_01__factor_L3_M2__10","factor_L3_M2",10,"A","A_1",1,0.65068454019227,65.068454019227,TRUE
"g12s6a_01__factor_L3_M2__10","factor_L3_M2",10,"A","A_1",2,0.34931545980773,100,TRUE
"g12s6a_01__factor_L3_M2__10","factor_L3_M2",10,"A","A_2",1,0.981966395073196,98.1966395073196,TRUE
"g12s6a_01__factor_L3_M2__10","factor_L3_M2",10,"A","A_2",2,0.0180336049268038,100,TRUE
"g12s6a_01__factor_L3_M2__10","factor_L3_M2",10,"A","A_3",1,0.950638370290465,95.0638370290465,TRUE
"g12s6a_01__factor_L3_M2__10","factor_L3_M2",10,"A","A_3",2,0.0493616297095353,100,TRUE
"g12s6a_01__factor_L3_M2__10","factor_L3_M2",10,"B1","B1_1",1,0.839646702624518,83.9646702624518,TRUE
"g12s6a_01__factor_L3_M2__10","factor_L3_M2",10,"B1","B1_1",2,0.160353297375482,100,TRUE
"g12s6a_01__factor_L3_M2__10","factor_L3_M2",10,"B1","B1_2",1,0.85522294428613,85.522294428613,TRUE
"g12s6a_01__factor_L3_M2__10","factor_L3_M2",10,"B1","B1_2",2,0.14477705571387,100,TRUE
"g12s6a_01__factor_L3_M2__10","factor_L3_M2",10,"B1","B1_3",1,0.95063837007463,95.063837007463,TRUE
"g12s6a_01__factor_L3_M2__10","factor_L3_M2",10,"B1","B1_3",2,0.0493616299253704,100,TRUE
"g12s6a_01__factor_L3_M2__10","factor_L3_M2",10,"B2","B2_1",1,0.940109812244841,94.0109812244841,TRUE
"g12s6a_01__factor_L3_M2__10","factor_L3_M2",10,"B2","B2_1",2,0.0598901877551589,100,TRUE
"g12s6a_01__factor_L3_M2__10","factor_L3_M2",10,"B2","B2_2",1,0.986361486540071,98.6361486540071,TRUE
"g12s6a_01__factor_L3_M2__10","factor_L3_M2",10,"B2","B2_2",2,0.013638513459929,100,TRUE
"g12s6a_01__factor_L3_M2__10","factor_L3_M2",10,"B2","B2_3",1,0.923243572694789,92.3243572694789,TRUE
"g12s6a_01__factor_L3_M2__10","factor_L3_M2",10,"B2","B2_3",2,0.0767564273052113,100,TRUE
"g12s6a_01__factor_L3_M2__11","factor_L3_M2",11,"A","A_1",1,0.739941014974316,73.9941014974316,TRUE
"g12s6a_01__factor_L3_M2__11","factor_L3_M2",11,"A","A_1",2,0.260058985025684,100,TRUE
"g12s6a_01__factor_L3_M2__11","factor_L3_M2",11,"A","A_2",1,0.875838454477341,87.5838454477341,TRUE
"g12s6a_01__factor_L3_M2__11","factor_L3_M2",11,"A","A_2",2,0.124161545522659,100,TRUE
"g12s6a_01__factor_L3_M2__11","factor_L3_M2",11,"A","A_3",1,0.950638370290471,95.0638370290471,TRUE
"g12s6a_01__factor_L3_M2__11","factor_L3_M2",11,"A","A_3",2,0.0493616297095293,100,TRUE
"g12s6a_01__factor_L3_M2__11","factor_L3_M2",11,"B1","B1_1",1,0.841113828315651,84.1113828315651,TRUE
"g12s6a_01__factor_L3_M2__11","factor_L3_M2",11,"B1","B1_1",2,0.15888617168435,100,TRUE
"g12s6a_01__factor_L3_M2__11","factor_L3_M2",11,"B1","B1_2",1,0.768021443006595,76.8021443006595,TRUE
"g12s6a_01__factor_L3_M2__11","factor_L3_M2",11,"B1","B1_2",2,0.231978556993405,100,TRUE
"g12s6a_01__factor_L3_M2__11","factor_L3_M2",11,"B1","B1_3",1,0.95063837007842,95.063837007842,TRUE
"g12s6a_01__factor_L3_M2__11","factor_L3_M2",11,"B1","B1_3",2,0.0493616299215799,100,TRUE
"g12s6a_01__factor_L3_M2__11","factor_L3_M2",11,"B2","B2_1",1,0.936315135090885,93.6315135090885,TRUE
"g12s6a_01__factor_L3_M2__11","factor_L3_M2",11,"B2","B2_1",2,0.0636848649091148,100,TRUE
"g12s6a_01__factor_L3_M2__11","factor_L3_M2",11,"B2","B2_2",1,0.855548894797909,85.5548894797909,TRUE
"g12s6a_01__factor_L3_M2__11","factor_L3_M2",11,"B2","B2_2",2,0.144451105202091,100,TRUE
"g12s6a_01__factor_L3_M2__11","factor_L3_M2",11,"B2","B2_3",1,0.95063837006653,95.063837006653,TRUE
"g12s6a_01__factor_L3_M2__11","factor_L3_M2",11,"B2","B2_3",2,0.0493616299334701,100,TRUE
"g12s6a_01__factor_L3_M2__12","factor_L3_M2",12,"A","A_1",1,0.726026302712296,72.6026302712296,TRUE
"g12s6a_01__factor_L3_M2__12","factor_L3_M2",12,"A","A_1",2,0.273973697287704,100,TRUE
"g12s6a_01__factor_L3_M2__12","factor_L3_M2",12,"A","A_2",1,0.950638370289269,95.0638370289269,TRUE
"g12s6a_01__factor_L3_M2__12","factor_L3_M2",12,"A","A_2",2,0.0493616297107311,100,TRUE
"g12s6a_01__factor_L3_M2__12","factor_L3_M2",12,"A","A_3",1,0.95063837028927,95.063837028927,TRUE
"g12s6a_01__factor_L3_M2__12","factor_L3_M2",12,"A","A_3",2,0.0493616297107298,100,TRUE
"g12s6a_01__factor_L3_M2__12","factor_L3_M2",12,"B1","B1_1",1,0.841255198393671,84.1255198393671,TRUE
"g12s6a_01__factor_L3_M2__12","factor_L3_M2",12,"B1","B1_1",2,0.158744801606329,100,TRUE
"g12s6a_01__factor_L3_M2__12","factor_L3_M2",12,"B1","B1_2",1,0.948766712450047,94.8766712450047,TRUE
"g12s6a_01__factor_L3_M2__12","factor_L3_M2",12,"B1","B1_2",2,0.0512332875499529,100,TRUE
"g12s6a_01__factor_L3_M2__12","factor_L3_M2",12,"B1","B1_3",1,0.754124459905924,75.4124459905924,TRUE
"g12s6a_01__factor_L3_M2__12","factor_L3_M2",12,"B1","B1_3",2,0.245875540094076,100,TRUE
"g12s6a_01__factor_L3_M2__12","factor_L3_M2",12,"B2","B2_1",1,0.960015352349465,96.0015352349465,TRUE
"g12s6a_01__factor_L3_M2__12","factor_L3_M2",12,"B2","B2_1",2,0.0399846476505353,100,TRUE
"g12s6a_01__factor_L3_M2__12","factor_L3_M2",12,"B2","B2_2",1,0.955643254025309,95.5643254025309,TRUE
"g12s6a_01__factor_L3_M2__12","factor_L3_M2",12,"B2","B2_2",2,0.0443567459746913,100,TRUE
"g12s6a_01__factor_L3_M2__12","factor_L3_M2",12,"B2","B2_3",1,0.95063837006038,95.063837006038,TRUE
"g12s6a_01__factor_L3_M2__12","factor_L3_M2",12,"B2","B2_3",2,0.0493616299396198,100,TRUE
"g12s6a_01__fpca_L1_M4__01","fpca_L1_M4",1,"A","A_1",1,0.556879589368376,55.6879589368376,TRUE
"g12s6a_01__fpca_L1_M4__01","fpca_L1_M4",1,"A","A_1",2,0.310923637717441,86.7803227085817,TRUE
"g12s6a_01__fpca_L1_M4__01","fpca_L1_M4",1,"A","A_1",3,0.106575472095983,97.43786991818,TRUE
"g12s6a_01__fpca_L1_M4__01","fpca_L1_M4",1,"A","A_1",4,0.0256213008181996,100,TRUE
"g12s6a_01__fpca_L1_M4__01","fpca_L1_M4",1,"B1","B1_1",1,0.750200414111739,75.0200414111739,TRUE
"g12s6a_01__fpca_L1_M4__01","fpca_L1_M4",1,"B1","B1_1",2,0.204602282546243,95.4802696657982,TRUE
"g12s6a_01__fpca_L1_M4__01","fpca_L1_M4",1,"B1","B1_1",3,0.0259352928828131,98.0737989540795,TRUE
"g12s6a_01__fpca_L1_M4__01","fpca_L1_M4",1,"B1","B1_1",4,0.0192620104592048,100,TRUE
"g12s6a_01__fpca_L1_M4__01","fpca_L1_M4",1,"B2","B2_1",1,0.650755397568808,65.0755397568808,TRUE
"g12s6a_01__fpca_L1_M4__01","fpca_L1_M4",1,"B2","B2_1",2,0.309267045849751,96.0022443418559,TRUE
"g12s6a_01__fpca_L1_M4__01","fpca_L1_M4",1,"B2","B2_1",3,0.021137068616525,98.1159512035084,TRUE
"g12s6a_01__fpca_L1_M4__01","fpca_L1_M4",1,"B2","B2_1",4,0.0188404879649162,100,TRUE
"g12s6a_01__fpca_L1_M4__02","fpca_L1_M4",2,"A","A_1",1,0.805254297655566,80.5254297655566,TRUE
"g12s6a_01__fpca_L1_M4__02","fpca_L1_M4",2,"A","A_1",2,0.177227233692234,98.24815313478,TRUE
"g12s6a_01__fpca_L1_M4__02","fpca_L1_M4",2,"A","A_1",3,0.0143154763414961,99.6797007689296,TRUE
"g12s6a_01__fpca_L1_M4__02","fpca_L1_M4",2,"A","A_1",4,,,FALSE
"g12s6a_01__fpca_L1_M4__02","fpca_L1_M4",2,"B1","B1_1",1,0.698717297501213,69.8717297501212,TRUE
"g12s6a_01__fpca_L1_M4__02","fpca_L1_M4",2,"B1","B1_1",2,0.198965768702292,89.7683066203505,TRUE
"g12s6a_01__fpca_L1_M4__02","fpca_L1_M4",2,"B1","B1_1",3,0.0684538369737449,96.613690317725,TRUE
"g12s6a_01__fpca_L1_M4__02","fpca_L1_M4",2,"B1","B1_1",4,0.0338630968227503,100,TRUE
"g12s6a_01__fpca_L1_M4__02","fpca_L1_M4",2,"B2","B2_1",1,0.602327039468521,60.2327039468521,TRUE
"g12s6a_01__fpca_L1_M4__02","fpca_L1_M4",2,"B2","B2_1",2,0.246474594655598,84.8801634124119,TRUE
"g12s6a_01__fpca_L1_M4__02","fpca_L1_M4",2,"B2","B2_1",3,0.110340185359888,95.9141819484007,TRUE
"g12s6a_01__fpca_L1_M4__02","fpca_L1_M4",2,"B2","B2_1",4,0.0408581805159932,100,TRUE
"g12s6a_01__fpca_L1_M4__03","fpca_L1_M4",3,"A","A_1",1,0.698881563040938,69.8881563040938,TRUE
"g12s6a_01__fpca_L1_M4__03","fpca_L1_M4",3,"A","A_1",2,0.210471380545941,90.935294358688,TRUE
"g12s6a_01__fpca_L1_M4__03","fpca_L1_M4",3,"A","A_1",3,0.0591022874991128,96.8455231085992,TRUE
"g12s6a_01__fpca_L1_M4__03","fpca_L1_M4",3,"A","A_1",4,0.0315447689140076,100,TRUE
"g12s6a_01__fpca_L1_M4__03","fpca_L1_M4",3,"B1","B1_1",1,0.708722011554499,70.8722011554499,TRUE
"g12s6a_01__fpca_L1_M4__03","fpca_L1_M4",3,"B1","B1_1",2,0.223946050674622,93.2668062229121,TRUE
"g12s6a_01__fpca_L1_M4__03","fpca_L1_M4",3,"B1","B1_1",3,0.043386040552037,97.6054102781158,TRUE
"g12s6a_01__fpca_L1_M4__03","fpca_L1_M4",3,"B1","B1_1",4,0.0239458972188423,100,TRUE
"g12s6a_01__fpca_L1_M4__03","fpca_L1_M4",3,"B2","B2_1",1,0.63653530650745,63.653530650745,TRUE
"g12s6a_01__fpca_L1_M4__03","fpca_L1_M4",3,"B2","B2_1",2,0.331908549215564,96.8443855723013,TRUE
"g12s6a_01__fpca_L1_M4__03","fpca_L1_M4",3,"B2","B2_1",3,0.0207610032793633,98.9204859002377,TRUE
"g12s6a_01__fpca_L1_M4__03","fpca_L1_M4",3,"B2","B2_1",4,0.0107951409976231,100,TRUE
"g12s6a_01__fpca_L1_M4__04","fpca_L1_M4",4,"A","A_1",1,0.655185978510996,65.5185978510996,TRUE
"g12s6a_01__fpca_L1_M4__04","fpca_L1_M4",4,"A","A_1",2,0.325202566264502,98.0388544775498,TRUE
"g12s6a_01__fpca_L1_M4__04","fpca_L1_M4",4,"A","A_1",3,0.0106804855319516,99.106903030745,TRUE
"g12s6a_01__fpca_L1_M4__04","fpca_L1_M4",4,"A","A_1",4,,,FALSE
"g12s6a_01__fpca_L1_M4__04","fpca_L1_M4",4,"B1","B1_1",1,0.591864453520593,59.1864453520593,TRUE
"g12s6a_01__fpca_L1_M4__04","fpca_L1_M4",4,"B1","B1_1",2,0.187046163589493,77.8910617110086,TRUE
"g12s6a_01__fpca_L1_M4__04","fpca_L1_M4",4,"B1","B1_1",3,0.171498169783719,95.0408786893805,TRUE
"g12s6a_01__fpca_L1_M4__04","fpca_L1_M4",4,"B1","B1_1",4,0.0495912131061952,100,TRUE
"g12s6a_01__fpca_L1_M4__04","fpca_L1_M4",4,"B2","B2_1",1,0.798657654594929,79.8657654594929,TRUE
"g12s6a_01__fpca_L1_M4__04","fpca_L1_M4",4,"B2","B2_1",2,0.123681660070141,92.233931466507,TRUE
"g12s6a_01__fpca_L1_M4__04","fpca_L1_M4",4,"B2","B2_1",3,0.065424528234752,98.7763842899822,TRUE
"g12s6a_01__fpca_L1_M4__04","fpca_L1_M4",4,"B2","B2_1",4,0.0122361571001776,100,TRUE
"g12s6a_01__fpca_L1_M4__05","fpca_L1_M4",5,"A","A_1",1,0.593138749204807,59.3138749204807,TRUE
"g12s6a_01__fpca_L1_M4__05","fpca_L1_M4",5,"A","A_1",2,0.280107632975154,87.3246382179961,TRUE
"g12s6a_01__fpca_L1_M4__05","fpca_L1_M4",5,"A","A_1",3,0.102002603810917,97.5248985990878,TRUE
"g12s6a_01__fpca_L1_M4__05","fpca_L1_M4",5,"A","A_1",4,0.0247510140091214,100,TRUE
"g12s6a_01__fpca_L1_M4__05","fpca_L1_M4",5,"B1","B1_1",1,0.668884794945027,66.8884794945027,TRUE
"g12s6a_01__fpca_L1_M4__05","fpca_L1_M4",5,"B1","B1_1",2,0.240644674412347,90.9529469357374,TRUE
"g12s6a_01__fpca_L1_M4__05","fpca_L1_M4",5,"B1","B1_1",3,0.0511386778037095,96.0668147161083,TRUE
"g12s6a_01__fpca_L1_M4__05","fpca_L1_M4",5,"B1","B1_1",4,0.0393318528389167,100,TRUE
"g12s6a_01__fpca_L1_M4__05","fpca_L1_M4",5,"B2","B2_1",1,0.655800106881493,65.5800106881493,TRUE
"g12s6a_01__fpca_L1_M4__05","fpca_L1_M4",5,"B2","B2_1",2,0.31717267136895,97.2972778250443,TRUE
"g12s6a_01__fpca_L1_M4__05","fpca_L1_M4",5,"B2","B2_1",3,0.0189218387564458,99.1894617006889,TRUE
"g12s6a_01__fpca_L1_M4__05","fpca_L1_M4",5,"B2","B2_1",4,,,FALSE
"g12s6a_01__fpca_L1_M4__06","fpca_L1_M4",6,"A","A_1",1,0.481862386128828,48.1862386128828,TRUE
"g12s6a_01__fpca_L1_M4__06","fpca_L1_M4",6,"A","A_1",2,0.324029367746159,80.5891753874987,TRUE
"g12s6a_01__fpca_L1_M4__06","fpca_L1_M4",6,"A","A_1",3,0.174476242831878,98.0367996706865,TRUE
"g12s6a_01__fpca_L1_M4__06","fpca_L1_M4",6,"A","A_1",4,0.0196320032931353,100,TRUE
"g12s6a_01__fpca_L1_M4__06","fpca_L1_M4",6,"B1","B1_1",1,0.697894367468056,69.7894367468056,TRUE
"g12s6a_01__fpca_L1_M4__06","fpca_L1_M4",6,"B1","B1_1",2,0.237659479440395,93.5553846908451,TRUE
"g12s6a_01__fpca_L1_M4__06","fpca_L1_M4",6,"B1","B1_1",3,0.0391174552969865,97.4671302205438,TRUE
"g12s6a_01__fpca_L1_M4__06","fpca_L1_M4",6,"B1","B1_1",4,0.0253286977945624,100,TRUE
"g12s6a_01__fpca_L1_M4__06","fpca_L1_M4",6,"B2","B2_1",1,0.653731108258205,65.3731108258205,TRUE
"g12s6a_01__fpca_L1_M4__06","fpca_L1_M4",6,"B2","B2_1",2,0.311149575467276,96.4880683725481,TRUE
"g12s6a_01__fpca_L1_M4__06","fpca_L1_M4",6,"B2","B2_1",3,0.0217673464651853,98.6648030190666,TRUE
"g12s6a_01__fpca_L1_M4__06","fpca_L1_M4",6,"B2","B2_1",4,0.0133519698093337,100,TRUE
"g12s6a_01__fpca_L1_M4__07","fpca_L1_M4",7,"A","A_1",1,0.785310555175288,78.5310555175288,TRUE
"g12s6a_01__fpca_L1_M4__07","fpca_L1_M4",7,"A","A_1",2,0.145139420794241,93.0449975969529,TRUE
"g12s6a_01__fpca_L1_M4__07","fpca_L1_M4",7,"A","A_1",3,0.0516977892080686,98.2147765177597,TRUE
"g12s6a_01__fpca_L1_M4__07","fpca_L1_M4",7,"A","A_1",4,0.0178522348224027,100,TRUE
"g12s6a_01__fpca_L1_M4__07","fpca_L1_M4",7,"B1","B1_1",1,0.746240776557081,74.6240776557081,TRUE
"g12s6a_01__fpca_L1_M4__07","fpca_L1_M4",7,"B1","B1_1",2,0.201331955375342,94.7572731932423,TRUE
"g12s6a_01__fpca_L1_M4__07","fpca_L1_M4",7,"B1","B1_1",3,0.032385453864117,97.995818579654,TRUE
"g12s6a_01__fpca_L1_M4__07","fpca_L1_M4",7,"B1","B1_1",4,0.0200418142034599,100,TRUE
"g12s6a_01__fpca_L1_M4__07","fpca_L1_M4",7,"B2","B2_1",1,0.559732269608562,55.9732269608562,TRUE
"g12s6a_01__fpca_L1_M4__07","fpca_L1_M4",7,"B2","B2_1",2,0.400055576945316,95.9787846553879,TRUE
"g12s6a_01__fpca_L1_M4__07","fpca_L1_M4",7,"B2","B2_1",3,0.0301091715261359,98.9897018080014,TRUE
"g12s6a_01__fpca_L1_M4__07","fpca_L1_M4",7,"B2","B2_1",4,0.0101029819199858,100,TRUE
"g12s6a_01__fpca_L1_M4__08","fpca_L1_M4",8,"A","A_1",1,0.691126432391424,69.1126432391424,TRUE
"g12s6a_01__fpca_L1_M4__08","fpca_L1_M4",8,"A","A_1",2,0.212633260680307,90.3759693071731,TRUE
"g12s6a_01__fpca_L1_M4__08","fpca_L1_M4",8,"A","A_1",3,0.0642454039934337,96.8005097065165,TRUE
"g12s6a_01__fpca_L1_M4__08","fpca_L1_M4",8,"A","A_1",4,0.0319949029348354,100,TRUE
"g12s6a_01__fpca_L1_M4__08","fpca_L1_M4",8,"B1","B1_1",1,0.700066599830341,70.0066599830341,TRUE
"g12s6a_01__fpca_L1_M4__08","fpca_L1_M4",8,"B1","B1_1",2,0.228714111301918,92.8780711132259,TRUE
"g12s6a_01__fpca_L1_M4__08","fpca_L1_M4",8,"B1","B1_1",3,0.044297936653653,97.3078647785912,TRUE
"g12s6a_01__fpca_L1_M4__08","fpca_L1_M4",8,"B1","B1_1",4,0.0269213522140881,100,TRUE
"g12s6a_01__fpca_L1_M4__08","fpca_L1_M4",8,"B2","B2_1",1,0.640852585958417,64.0852585958417,TRUE
"g12s6a_01__fpca_L1_M4__08","fpca_L1_M4",8,"B2","B2_1",2,0.337393197226072,97.8245783184489,TRUE
"g12s6a_01__fpca_L1_M4__08","fpca_L1_M4",8,"B2","B2_1",3,0.0128486854509929,99.1094468635482,TRUE
"g12s6a_01__fpca_L1_M4__08","fpca_L1_M4",8,"B2","B2_1",4,,,FALSE
"g12s6a_01__fpca_L1_M4__09","fpca_L1_M4",9,"A","A_1",1,0.542137367039217,54.2137367039217,TRUE
"g12s6a_01__fpca_L1_M4__09","fpca_L1_M4",9,"A","A_1",2,0.322556802435605,86.4694169474822,TRUE
"g12s6a_01__fpca_L1_M4__09","fpca_L1_M4",9,"A","A_1",3,0.093136863023708,95.783103249853,TRUE
"g12s6a_01__fpca_L1_M4__09","fpca_L1_M4",9,"A","A_1",4,0.0421689675014699,100,TRUE
"g12s6a_01__fpca_L1_M4__09","fpca_L1_M4",9,"B1","B1_1",1,0.565943179433897,56.5943179433897,TRUE
"g12s6a_01__fpca_L1_M4__09","fpca_L1_M4",9,"B1","B1_1",2,0.379290131218488,94.5233310652386,TRUE
"g12s6a_01__fpca_L1_M4__09","fpca_L1_M4",9,"B1","B1_1",3,0.0473007030891548,99.253401374154,TRUE
"g12s6a_01__fpca_L1_M4__09","fpca_L1_M4",9,"B1","B1_1",4,,,FALSE
"g12s6a_01__fpca_L1_M4__09","fpca_L1_M4",9,"B2","B2_1",1,0.640073889517752,64.0073889517752,TRUE
"g12s6a_01__fpca_L1_M4__09","fpca_L1_M4",9,"B2","B2_1",2,0.336910957763339,97.6984847281092,TRUE
"g12s6a_01__fpca_L1_M4__09","fpca_L1_M4",9,"B2","B2_1",3,0.0168657128752735,99.3850560156365,TRUE
"g12s6a_01__fpca_L1_M4__09","fpca_L1_M4",9,"B2","B2_1",4,,,FALSE
"g12s6a_01__fpca_L1_M4__10","fpca_L1_M4",10,"A","A_1",1,0.672936189488837,67.2936189488837,TRUE
"g12s6a_01__fpca_L1_M4__10","fpca_L1_M4",10,"A","A_1",2,0.296997227611878,96.9933417100715,TRUE
"g12s6a_01__fpca_L1_M4__10","fpca_L1_M4",10,"A","A_1",3,0.020768285521042,99.0701702621757,TRUE
"g12s6a_01__fpca_L1_M4__10","fpca_L1_M4",10,"A","A_1",4,,,FALSE
"g12s6a_01__fpca_L1_M4__10","fpca_L1_M4",10,"B1","B1_1",1,0.532370093458824,53.2370093458824,TRUE
"g12s6a_01__fpca_L1_M4__10","fpca_L1_M4",10,"B1","B1_1",2,0.259636086770245,79.2006180229069,TRUE
"g12s6a_01__fpca_L1_M4__10","fpca_L1_M4",10,"B1","B1_1",3,0.164454552882378,95.6460733111447,TRUE
"g12s6a_01__fpca_L1_M4__10","fpca_L1_M4",10,"B1","B1_1",4,0.043539266888553,100,TRUE
"g12s6a_01__fpca_L1_M4__10","fpca_L1_M4",10,"B2","B2_1",1,0.795611265698761,79.5611265698761,TRUE
"g12s6a_01__fpca_L1_M4__10","fpca_L1_M4",10,"B2","B2_1",2,0.161182635346747,95.6793901045507,TRUE
"g12s6a_01__fpca_L1_M4__10","fpca_L1_M4",10,"B2","B2_1",3,0.0267059804984368,98.3499881543944,TRUE
"g12s6a_01__fpca_L1_M4__10","fpca_L1_M4",10,"B2","B2_1",4,0.0165001184560556,100,TRUE
"g12s6a_01__fpca_L1_M4__11","fpca_L1_M4",11,"A","A_1",1,0.71121835121324,71.121835121324,TRUE
"g12s6a_01__fpca_L1_M4__11","fpca_L1_M4",11,"A","A_1",2,0.192744331956584,90.3962683169824,TRUE
"g12s6a_01__fpca_L1_M4__11","fpca_L1_M4",11,"A","A_1",3,0.066834723845493,97.0797407015317,TRUE
"g12s6a_01__fpca_L1_M4__11","fpca_L1_M4",11,"A","A_1",4,0.0292025929846833,100,TRUE
"g12s6a_01__fpca_L1_M4__11","fpca_L1_M4",11,"B1","B1_1",1,0.717330481042819,71.7330481042819,TRUE
"g12s6a_01__fpca_L1_M4__11","fpca_L1_M4",11,"B1","B1_1",2,0.215851919457457,93.3182400500276,TRUE
"g12s6a_01__fpca_L1_M4__11","fpca_L1_M4",11,"B1","B1_1",3,0.0419456839700397,97.5128084470316,TRUE
"g12s6a_01__fpca_L1_M4__11","fpca_L1_M4",11,"B1","B1_1",4,0.0248719155296841,100,TRUE
"g12s6a_01__fpca_L1_M4__11","fpca_L1_M4",11,"B2","B2_1",1,0.650325295319057,65.0325295319057,TRUE
"g12s6a_01__fpca_L1_M4__11","fpca_L1_M4",11,"B2","B2_1",2,0.307363310753562,95.7688606072619,TRUE
"g12s6a_01__fpca_L1_M4__11","fpca_L1_M4",11,"B2","B2_1",3,0.0285645373606263,98.6253143433245,TRUE
"g12s6a_01__fpca_L1_M4__11","fpca_L1_M4",11,"B2","B2_1",4,0.0137468565667549,100,TRUE
"g12s6a_01__fpca_L1_M4__12","fpca_L1_M4",12,"A","A_1",1,0.742516507289814,74.2516507289814,TRUE
"g12s6a_01__fpca_L1_M4__12","fpca_L1_M4",12,"A","A_1",2,0.205364200097815,94.7880707387629,TRUE
"g12s6a_01__fpca_L1_M4__12","fpca_L1_M4",12,"A","A_1",3,0.0349467872959564,98.2827494683585,TRUE
"g12s6a_01__fpca_L1_M4__12","fpca_L1_M4",12,"A","A_1",4,0.0171725053164146,100,TRUE
"g12s6a_01__fpca_L1_M4__12","fpca_L1_M4",12,"B1","B1_1",1,0.536230712073917,53.6230712073917,TRUE
"g12s6a_01__fpca_L1_M4__12","fpca_L1_M4",12,"B1","B1_1",2,0.332486665684758,86.8717377758676,TRUE
"g12s6a_01__fpca_L1_M4__12","fpca_L1_M4",12,"B1","B1_1",3,0.0879599558950765,95.6677333653752,TRUE
"g12s6a_01__fpca_L1_M4__12","fpca_L1_M4",12,"B1","B1_1",4,0.0433226663462479,100,TRUE
"g12s6a_01__fpca_L1_M4__12","fpca_L1_M4",12,"B2","B2_1",1,0.505218743744719,50.5218743744719,TRUE
"g12s6a_01__fpca_L1_M4__12","fpca_L1_M4",12,"B2","B2_1",2,0.322895612636397,82.8114356381116,TRUE
"g12s6a_01__fpca_L1_M4__12","fpca_L1_M4",12,"B2","B2_1",3,0.140536084326442,96.8650440707558,TRUE
"g12s6a_01__fpca_L1_M4__12","fpca_L1_M4",12,"B2","B2_1",4,0.0313495592924418,100,TRUE
"g12s6a_01__truth_L1_M2__01","truth_L1_M2",1,"A","A_1",1,0.716689990667427,71.6689990667427,TRUE
"g12s6a_01__truth_L1_M2__01","truth_L1_M2",1,"A","A_1",2,0.283310009332573,100,TRUE
"g12s6a_01__truth_L1_M2__01","truth_L1_M2",1,"B1","B1_1",1,0.83889599401564,83.889599401564,TRUE
"g12s6a_01__truth_L1_M2__01","truth_L1_M2",1,"B1","B1_1",2,0.16110400598436,100,TRUE
"g12s6a_01__truth_L1_M2__01","truth_L1_M2",1,"B2","B2_1",1,0.631783921580192,63.1783921580192,TRUE
"g12s6a_01__truth_L1_M2__01","truth_L1_M2",1,"B2","B2_1",2,0.368216078419808,100,TRUE
"g12s6a_01__truth_L1_M2__02","truth_L1_M2",2,"A","A_1",1,0.72516617668358,72.516617668358,TRUE
"g12s6a_01__truth_L1_M2__02","truth_L1_M2",2,"A","A_1",2,0.27483382331642,100,TRUE
"g12s6a_01__truth_L1_M2__02","truth_L1_M2",2,"B1","B1_1",1,0.839659619091094,83.9659619091094,TRUE
"g12s6a_01__truth_L1_M2__02","truth_L1_M2",2,"B1","B1_1",2,0.160340380908906,100,TRUE
"g12s6a_01__truth_L1_M2__02","truth_L1_M2",2,"B2","B2_1",1,0.950638369934982,95.0638369934982,TRUE
"g12s6a_01__truth_L1_M2__02","truth_L1_M2",2,"B2","B2_1",2,0.0493616300650176,100,TRUE
"g12s6a_01__truth_L1_M2__03","truth_L1_M2",3,"A","A_1",1,0.725399833874399,72.5399833874399,TRUE
"g12s6a_01__truth_L1_M2__03","truth_L1_M2",3,"A","A_1",2,0.274600166125601,100,TRUE
"g12s6a_01__truth_L1_M2__03","truth_L1_M2",3,"B1","B1_1",1,0.841759124909379,84.1759124909379,TRUE
"g12s6a_01__truth_L1_M2__03","truth_L1_M2",3,"B1","B1_1",2,0.158240875090621,100,TRUE
"g12s6a_01__truth_L1_M2__03","truth_L1_M2",3,"B2","B2_1",1,0.623447194864961,62.3447194864961,TRUE
"g12s6a_01__truth_L1_M2__03","truth_L1_M2",3,"B2","B2_1",2,0.376552805135039,100,TRUE
"g12s6a_01__truth_L1_M2__04","truth_L1_M2",4,"A","A_1",1,0.62354728165283,62.354728165283,TRUE
"g12s6a_01__truth_L1_M2__04","truth_L1_M2",4,"A","A_1",2,0.37645271834717,100,TRUE
"g12s6a_01__truth_L1_M2__04","truth_L1_M2",4,"B1","B1_1",1,0.771663430820413,77.1663430820413,TRUE
"g12s6a_01__truth_L1_M2__04","truth_L1_M2",4,"B1","B1_1",2,0.228336569179587,100,TRUE
"g12s6a_01__truth_L1_M2__04","truth_L1_M2",4,"B2","B2_1",1,0.795621027442956,79.5621027442956,TRUE
"g12s6a_01__truth_L1_M2__04","truth_L1_M2",4,"B2","B2_1",2,0.204378972557044,100,TRUE
"g12s6a_01__truth_L1_M2__05","truth_L1_M2",5,"A","A_1",1,0.721683989336557,72.1683989336557,TRUE
"g12s6a_01__truth_L1_M2__05","truth_L1_M2",5,"A","A_1",2,0.278316010663443,100,TRUE
"g12s6a_01__truth_L1_M2__05","truth_L1_M2",5,"B1","B1_1",1,0.785775875249969,78.5775875249969,TRUE
"g12s6a_01__truth_L1_M2__05","truth_L1_M2",5,"B1","B1_1",2,0.214224124750031,100,TRUE
"g12s6a_01__truth_L1_M2__05","truth_L1_M2",5,"B2","B2_1",1,0.630653296636625,63.0653296636625,TRUE
"g12s6a_01__truth_L1_M2__05","truth_L1_M2",5,"B2","B2_1",2,0.369346703363375,100,TRUE
"g12s6a_01__truth_L1_M2__06","truth_L1_M2",6,"A","A_1",1,0.725001816229206,72.5001816229206,TRUE
"g12s6a_01__truth_L1_M2__06","truth_L1_M2",6,"A","A_1",2,0.274998183770794,100,TRUE
"g12s6a_01__truth_L1_M2__06","truth_L1_M2",6,"B1","B1_1",1,0.95063836993082,95.063836993082,TRUE
"g12s6a_01__truth_L1_M2__06","truth_L1_M2",6,"B1","B1_1",2,0.0493616300691804,100,TRUE
"g12s6a_01__truth_L1_M2__06","truth_L1_M2",6,"B2","B2_1",1,0.62557310864881,62.557310864881,TRUE
"g12s6a_01__truth_L1_M2__06","truth_L1_M2",6,"B2","B2_1",2,0.37442689135119,100,TRUE
"g12s6a_01__truth_L1_M2__07","truth_L1_M2",7,"A","A_1",1,0.725097358447429,72.5097358447429,TRUE
"g12s6a_01__truth_L1_M2__07","truth_L1_M2",7,"A","A_1",2,0.274902641552571,100,TRUE
"g12s6a_01__truth_L1_M2__07","truth_L1_M2",7,"B1","B1_1",1,0.838912358916581,83.8912358916581,TRUE
"g12s6a_01__truth_L1_M2__07","truth_L1_M2",7,"B1","B1_1",2,0.161087641083419,100,TRUE
"g12s6a_01__truth_L1_M2__07","truth_L1_M2",7,"B2","B2_1",1,0.950638369934986,95.0638369934986,TRUE
"g12s6a_01__truth_L1_M2__07","truth_L1_M2",7,"B2","B2_1",2,0.0493616300650142,100,TRUE
"g12s6a_01__truth_L1_M2__08","truth_L1_M2",8,"A","A_1",1,0.838631217948634,83.8631217948634,TRUE
"g12s6a_01__truth_L1_M2__08","truth_L1_M2",8,"A","A_1",2,0.161368782051366,100,TRUE
"g12s6a_01__truth_L1_M2__08","truth_L1_M2",8,"B1","B1_1",1,0.792142492558478,79.2142492558478,TRUE
"g12s6a_01__truth_L1_M2__08","truth_L1_M2",8,"B1","B1_1",2,0.207857507441522,100,TRUE
"g12s6a_01__truth_L1_M2__08","truth_L1_M2",8,"B2","B2_1",1,0.712007557260807,71.2007557260807,TRUE
"g12s6a_01__truth_L1_M2__08","truth_L1_M2",8,"B2","B2_1",2,0.287992442739193,100,TRUE
"g12s6a_01__truth_L1_M2__09","truth_L1_M2",9,"A","A_1",1,0.840015561631253,84.0015561631253,TRUE
"g12s6a_01__truth_L1_M2__09","truth_L1_M2",9,"A","A_1",2,0.159984438368747,100,TRUE
"g12s6a_01__truth_L1_M2__09","truth_L1_M2",9,"B1","B1_1",1,0.769735803431858,76.9735803431858,TRUE
"g12s6a_01__truth_L1_M2__09","truth_L1_M2",9,"B1","B1_1",2,0.230264196568142,100,TRUE
"g12s6a_01__truth_L1_M2__09","truth_L1_M2",9,"B2","B2_1",1,0.712514638578775,71.2514638578775,TRUE
"g12s6a_01__truth_L1_M2__09","truth_L1_M2",9,"B2","B2_1",2,0.287485361421225,100,TRUE
"g12s6a_01__truth_L1_M2__10","truth_L1_M2",10,"A","A_1",1,0.725648795720909,72.5648795720909,TRUE
"g12s6a_01__truth_L1_M2__10","truth_L1_M2",10,"A","A_1",2,0.274351204279091,100,TRUE
"g12s6a_01__truth_L1_M2__10","truth_L1_M2",10,"B1","B1_1",1,0.840352091220566,84.0352091220566,TRUE
"g12s6a_01__truth_L1_M2__10","truth_L1_M2",10,"B1","B1_1",2,0.159647908779434,100,TRUE
"g12s6a_01__truth_L1_M2__10","truth_L1_M2",10,"B2","B2_1",1,0.950638369934987,95.0638369934987,TRUE
"g12s6a_01__truth_L1_M2__10","truth_L1_M2",10,"B2","B2_1",2,0.0493616300650134,100,TRUE
"g12s6a_01__truth_L1_M2__11","truth_L1_M2",11,"A","A_1",1,0.72251613238797,72.251613238797,TRUE
"g12s6a_01__truth_L1_M2__11","truth_L1_M2",11,"A","A_1",2,0.27748386761203,100,TRUE
"g12s6a_01__truth_L1_M2__11","truth_L1_M2",11,"B1","B1_1",1,0.837777334188674,83.7777334188674,TRUE
"g12s6a_01__truth_L1_M2__11","truth_L1_M2",11,"B1","B1_1",2,0.162222665811326,100,TRUE
"g12s6a_01__truth_L1_M2__11","truth_L1_M2",11,"B2","B2_1",1,0.625906518933949,62.5906518933949,TRUE
"g12s6a_01__truth_L1_M2__11","truth_L1_M2",11,"B2","B2_1",2,0.374093481066051,100,TRUE
"g12s6a_01__truth_L1_M2__12","truth_L1_M2",12,"A","A_1",1,0.748165323694291,74.8165323694291,TRUE
"g12s6a_01__truth_L1_M2__12","truth_L1_M2",12,"A","A_1",2,0.251834676305709,100,TRUE
"g12s6a_01__truth_L1_M2__12","truth_L1_M2",12,"B1","B1_1",1,0.841150567907656,84.1150567907656,TRUE
"g12s6a_01__truth_L1_M2__12","truth_L1_M2",12,"B1","B1_1",2,0.158849432092344,100,TRUE
"g12s6a_01__truth_L1_M2__12","truth_L1_M2",12,"B2","B2_1",1,0.791781572492263,79.1781572492263,TRUE
"g12s6a_01__truth_L1_M2__12","truth_L1_M2",12,"B2","B2_1",2,0.208218427507737,100,TRUE
